date,sise,trading
2009.10.06,3140 ,21141 
2009.10.07,3130 ,15708 
2009.10.08,3165 ,20866 
2009.10.09,3260 ,21807 
2009.10.12,3280 ,6113 
2009.10.13,3230 ,12879 
2009.10.14,3260 ,12135 
2009.10.15,3260 ,9763 
2009.10.16,3230 ,12349 
2009.10.19,3200 ,16881 
2009.10.20,3200 ,18611 
2009.10.21,3305 ,129923 
2009.10.22,3330 ,73830 
2009.10.23,3335 ,15123 
2009.10.26,3200 ,34418 
2009.10.27,3115 ,33424 
2009.10.28,3175 ,29503 
2009.10.29,3085 ,30982 
2009.10.30,3100 ,23531 
2009.11.02,3050 ,14088 
2009.11.03,3255 ,28184 
2009.11.04,3230 ,12931 
2009.11.05,3140 ,17237 
2009.11.06,3185 ,42442 
2009.11.09,3660 ,198431 
2009.11.10,3445 ,273643 
2009.11.11,3485 ,111714 
2009.11.12,3700 ,578544 
2009.11.13,4255 ,1125434 
2009.11.16,4605 ,2236875 
2009.11.17,4600 ,933591 
2009.11.18,4400 ,1123237 
2009.11.19,4300 ,537722 
2009.11.20,4945 ,1545624 
2009.11.23,5160 ,2275203 
2009.11.24,5400 ,1420308 
2009.11.25,5000 ,1078463 
2009.11.26,4850 ,694897 
2009.11.27,4500 ,398196 
2009.11.30,4560 ,231792 
2009.12.01,4940 ,625642 
2009.12.02,4925 ,281100 
2009.12.03,4700 ,273197 
2009.12.04,4750 ,100382 
2009.12.07,4640 ,122322 
2009.12.08,4790 ,436689 
2009.12.09,4715 ,253935 
2009.12.10,4750 ,104431 
2009.12.11,4790 ,74783 
2009.12.14,4790 ,38155 
2009.12.15,4715 ,108109 
2009.12.16,4845 ,211994 
2009.12.17,4740 ,58166 
2009.12.18,4540 ,68451 
2009.12.21,4910 ,144935 
2009.12.22,5200 ,424428 
2009.12.23,5360 ,486908 
2009.12.24,5420 ,314845 
2009.12.28,5270 ,112478 
2009.12.29,5470 ,176969 
2009.12.30,5830 ,466875 
2010.01.04,6300 ,271115 
2010.01.05,6320 ,94476 
2010.01.06,6210 ,153502 
2010.01.07,7130 ,598659 
2010.01.08,7100 ,236446 
2010.01.11,7090 ,421367 
2010.01.12,6500 ,62690 
2010.01.13,6450 ,78639 
2010.01.14,6000 ,114075 
2010.01.15,5950 ,97967 
2010.01.18,5670 ,120930 
2010.01.19,5680 ,79607 
2010.01.20,4860 ,339323 
2010.01.21,4950 ,122586 
2010.01.22,4820 ,151028 
2010.01.25,4550 ,96812 
2010.01.26,4695 ,502564 
2010.01.27,4520 ,206267 
2010.01.28,4280 ,293586 
2010.01.29,4360 ,286049 
2010.02.01,4390 ,85820 
2010.02.02,4385 ,138148 
2010.02.03,4390 ,207927 
2010.02.04,4255 ,107225 
2010.02.05,3650 ,1236100 
2010.02.08,3660 ,186932 
2010.02.09,3700 ,217965 
2010.02.10,3720 ,210840 
2010.02.11,3790 ,110633 
2010.02.12,3790 ,59206 
2010.02.16,3980 ,396036 
2010.02.17,4095 ,187439 
2010.02.18,4145 ,175614 
2010.02.19,4335 ,257612 
2010.02.22,4530 ,240565 
2010.02.23,4415 ,207958 
2010.02.24,4230 ,148758 
2010.02.25,4080 ,123348 
2010.02.26,4380 ,144152 
2010.03.02,4710 ,308066 
2010.03.03,4690 ,181320 
2010.03.04,4510 ,138079 
2010.03.05,4585 ,75469 
2010.03.08,4905 ,274411 
2010.03.09,4980 ,210639 
2010.03.10,5100 ,324993 
2010.03.11,4980 ,148402 
2010.03.12,4845 ,201740 
2010.03.15,4955 ,153708 
2010.03.16,4905 ,107450 
2010.03.17,4900 ,86556 
2010.03.18,4985 ,103322 
2010.03.19,5140 ,290163 
2010.03.22,5020 ,134683 
2010.03.23,5200 ,196191 
2010.03.24,5200 ,214498 
2010.03.25,5190 ,101602 
2010.03.26,5120 ,111758 
2010.03.29,4925 ,122782 
2010.03.30,4840 ,97757 
2010.03.31,4900 ,115655 
2010.04.01,4940 ,88336 
2010.04.02,4900 ,77158 
2010.04.05,4675 ,100174 
2010.04.06,4525 ,113438 
2010.04.07,4690 ,69375 
2010.04.08,4705 ,51690 
2010.04.09,4695 ,60332 
2010.04.12,4655 ,56295 
2010.04.13,4510 ,65993 
2010.04.14,4610 ,64380 
2010.04.15,4570 ,56577 
2010.04.16,4595 ,38681 
2010.04.19,4565 ,48013 
2010.04.20,4625 ,52926 
2010.04.21,4630 ,40678 
2010.04.22,4665 ,39984 
2010.04.23,4700 ,60835 
2010.04.26,4695 ,52990 
2010.04.27,4640 ,68872 
2010.04.28,4635 ,62919 
2010.04.29,4585 ,60662 
2010.04.30,4525 ,44009 
2010.05.03,4600 ,59337 
2010.05.04,4590 ,41558 
2010.05.06,4540 ,19830 
2010.05.07,4200 ,108904 
2010.05.10,4220 ,63641 
2010.05.11,4185 ,49114 
2010.05.12,4020 ,60934 
2010.05.13,3995 ,41392 
2010.05.14,3940 ,42361 
2010.05.17,3890 ,70565 
2010.05.18,3840 ,58717 
2010.05.19,3605 ,68018 
2010.05.20,3890 ,76770 
2010.05.24,3590 ,96109 
2010.05.25,3250 ,115897 
2010.05.26,3445 ,49089 
2010.05.27,3515 ,26037 
2010.05.28,3555 ,21310 
2010.05.31,3700 ,54500 
2010.06.01,3710 ,49741 
2010.06.03,3640 ,36623 
2010.06.04,3570 ,102400 
2010.06.07,3375 ,44349 
2010.06.08,3470 ,30902 
2010.06.09,3585 ,17080 
2010.06.10,3565 ,27322 
2010.06.11,3510 ,11905 
2010.06.14,3650 ,39856 
2010.06.15,3650 ,50020 
2010.06.16,3570 ,42770 
2010.06.17,3490 ,51853 
2010.06.18,3520 ,16798 
2010.06.21,3460 ,41975 
2010.06.22,3460 ,21065 
2010.06.23,3380 ,27525 
2010.06.24,3385 ,16760 
2010.06.25,3435 ,13088 
2010.06.28,3395 ,10463 
2010.06.29,3380 ,19025 
2010.06.30,3255 ,60422 
2010.07.01,3300 ,19473 
2010.07.02,3380 ,13712 
2010.07.05,3390 ,18500 
2010.07.06,3390 ,8239 
2010.07.07,3410 ,9772 
2010.07.08,3400 ,14755 
2010.07.09,3525 ,70496 
2010.07.12,3690 ,71710 
2010.07.13,3665 ,26504 
2010.07.14,3605 ,48884 
2010.07.15,3610 ,13556 
2010.07.16,3615 ,68826 
2010.07.19,3645 ,40929 
2010.07.20,3645 ,24802 
2010.07.21,3630 ,30886 
2010.07.22,3570 ,17699 
2010.07.23,3590 ,16622 
2010.07.26,3470 ,35371 
2010.07.27,3455 ,24932 
2010.07.28,3455 ,67746 
2010.07.29,3540 ,67023 
2010.07.30,3570 ,85065 
2010.08.02,3570 ,16516 
2010.08.03,3700 ,98060 
2010.08.04,3780 ,258145 
2010.08.05,3760 ,95348 
2010.08.06,3690 ,32370 
2010.08.09,3880 ,150941 
2010.08.10,4185 ,888155 
2010.08.11,3940 ,191907 
2010.08.12,3950 ,198127 
2010.08.13,3765 ,124932 
2010.08.16,3800 ,45006 
2010.08.17,3780 ,57755 
2010.08.18,3690 ,84611 
2010.08.19,3925 ,192738 
2010.08.20,3885 ,101966 
2010.08.23,3840 ,37505 
2010.08.24,3760 ,56548 
2010.08.25,3730 ,37727 
2010.08.26,3645 ,48893 
2010.08.27,3620 ,28330 
2010.08.30,3730 ,27108 
2010.08.31,3670 ,13466 
2010.09.01,3750 ,17660 
2010.09.02,3765 ,19199 
2010.09.03,3755 ,17116 
2010.09.06,3750 ,10589 
2010.09.07,3730 ,11286 
2010.09.08,3655 ,12770 
2010.09.09,3635 ,11158 
2010.09.10,3655 ,17452 
2010.09.13,3615 ,31224 
2010.09.14,3600 ,23676 
2010.09.15,3540 ,13681 
2010.09.16,3550 ,19153 
2010.09.17,3510 ,25195 
2010.09.20,3600 ,141508 
2010.09.24,3615 ,19150 
2010.09.27,3605 ,30327 
2010.09.28,3610 ,20690 
2010.09.29,3695 ,33729 
2010.09.30,3755 ,49164 
2010.10.01,3755 ,22524 
2010.10.04,3760 ,34588 
2010.10.05,3775 ,23660 
2010.10.06,3705 ,27191 
2010.10.07,3710 ,10083 
2010.10.08,3710 ,42700 
2010.10.11,3710 ,32211 
2010.10.12,3725 ,46110 
2010.10.13,3790 ,20803 
2010.10.14,3900 ,74360 
2010.10.15,3895 ,36017 
2010.10.18,3940 ,64968 
2010.10.19,3880 ,32443 
2010.10.20,3885 ,62724 
2010.10.21,3945 ,28687 
2010.10.22,3985 ,45006 
2010.10.25,4005 ,44888 
2010.10.26,3975 ,61576 
2010.10.27,3905 ,30865 
2010.10.28,3780 ,83764 
2010.10.29,3785 ,37556 
2010.11.01,3835 ,44539 
2010.11.02,3850 ,27087 
2010.11.03,3850 ,29803 
2010.11.04,3940 ,49898 
2010.11.05,3945 ,36845 
2010.11.08,3910 ,33634 
2010.11.09,3840 ,44373 
2010.11.10,3890 ,15095 
2010.11.11,3825 ,28636 
2010.11.12,3730 ,36816 
2010.11.15,3755 ,34921 
2010.11.16,3670 ,36030 
2010.11.17,3645 ,16267 
2010.11.18,3700 ,9539 
2010.11.19,3720 ,23028 
2010.11.22,3665 ,19535 
2010.11.23,3650 ,23162 
2010.11.24,3595 ,18481 
2010.11.25,3635 ,17388 
2010.11.26,3515 ,12496 
2010.11.29,3480 ,10010 
2010.11.30,3465 ,16356 
2010.12.01,3515 ,4023 
2010.12.02,3530 ,8303 
2010.12.03,3540 ,6184 
2010.12.06,3490 ,11252 
2010.12.07,3445 ,23653 
2010.12.08,3480 ,5485 
2010.12.09,3510 ,16977 
2010.12.10,3510 ,15958 
2010.12.13,3545 ,6170 
2010.12.14,3575 ,3240 
2010.12.15,3575 ,7467 
2010.12.16,3520 ,6742 
2010.12.17,3485 ,25592 
2010.12.20,3415 ,17111 
2010.12.21,3455 ,15095 
2010.12.22,3450 ,8688 
2010.12.23,3500 ,13619 
2010.12.24,3550 ,148609 
2010.12.27,3540 ,26867 
2010.12.28,3560 ,9187 
2010.12.29,3545 ,33265 
2010.12.30,3480 ,41420 
2011.01.03,3445 ,9531 
2011.01.04,3425 ,25542 
2011.01.05,3400 ,30971 
2011.01.06,3380 ,45407 
2011.01.07,3385 ,16564 
2011.01.10,3375 ,17592 
2011.01.11,3405 ,16465 
2011.01.12,3380 ,171540 
2011.01.13,3370 ,33905 
2011.01.14,3300 ,34153 
2011.01.17,3300 ,29639 
2011.01.18,3300 ,49172 
2011.01.19,3345 ,19375 
2011.01.20,3295 ,18318 
2011.01.21,3230 ,38501 
2011.01.24,3195 ,3235 
2011.01.25,3135 ,21891 
2011.01.26,3145 ,14521 
2011.01.27,3285 ,17451 
2011.01.28,3285 ,8114 
2011.01.31,3180 ,4306 
2011.02.01,3220 ,15785 
2011.02.07,3110 ,42475 
2011.02.08,3000 ,47410 
2011.02.09,2900 ,67704 
2011.02.10,2885 ,12277 
2011.02.11,2885 ,12943 
2011.02.14,2930 ,7270 
2011.02.15,2905 ,3703 
2011.02.16,2860 ,14506 
2011.02.17,2900 ,16079 
2011.02.18,2850 ,14281 
2011.02.21,2825 ,7763 
2011.02.22,2805 ,10555 
2011.02.23,2740 ,8307 
2011.02.24,2725 ,16541 
2011.02.25,2760 ,42060 
2011.02.28,2830 ,16785 
2011.03.02,2875 ,5101 
2011.03.03,2950 ,22978 
2011.03.04,2995 ,7496 
2011.03.07,3010 ,13612 
2011.03.08,3010 ,15815 
2011.03.09,3050 ,12944 
2011.03.10,3055 ,10547 
2011.03.11,2975 ,15235 
2011.03.14,3420 ,283157 
2011.03.15,3010 ,437198 
2011.03.16,3070 ,77809 
2011.03.17,3015 ,49387 
2011.03.18,3260 ,121975 
2011.03.21,3245 ,55760 
2011.03.22,3220 ,15860 
2011.03.23,3175 ,22219 
2011.03.24,3170 ,19009 
2011.03.25,3235 ,54930 
2011.03.28,3200 ,19728 
2011.03.29,3170 ,15748 
2011.03.30,3070 ,63986 
2011.03.31,3035 ,20390 
2011.04.01,3090 ,19528 
2011.04.04,3110 ,29600 
2011.04.05,3095 ,20912 
2011.04.06,3055 ,7630 
2011.04.07,3070 ,6602 
2011.04.08,3055 ,8636 
2011.04.11,3065 ,15426 
2011.04.12,3035 ,10156 
2011.04.13,3280 ,324026 
2011.04.14,3330 ,378256 
2011.04.15,3100 ,190074 
2011.04.18,3070 ,71493 
2011.04.19,3080 ,104898 
2011.04.20,3085 ,47633 
2011.04.21,3070 ,45317 
2011.04.22,3080 ,38247 
2011.04.25,3080 ,18311 
2011.04.26,2960 ,52505 
2011.04.27,2970 ,14185 
2011.04.28,3020 ,22255 
2011.04.29,2915 ,28279 
2011.05.02,2950 ,9686 
2011.05.03,2935 ,12699 
2011.05.04,2895 ,22258 
2011.05.06,2810 ,22181 
2011.05.09,2850 ,6801 
2011.05.11,2880 ,4640 
2011.05.12,2885 ,7075 
2011.05.13,2865 ,19249 
2011.05.16,2830 ,7725 
2011.05.17,2820 ,6340 
2011.05.18,2825 ,1903 
2011.05.19,2750 ,12496 
2011.05.20,2745 ,141850 
2011.05.23,2735 ,3890 
2011.05.24,2720 ,4689 
2011.05.25,2685 ,8454 
2011.05.26,2710 ,5799 
2011.05.27,2710 ,11718 
2011.05.30,2750 ,5776 
2011.05.31,2730 ,861 
2011.06.01,2720 ,17018 
2011.06.02,2625 ,8615 
2011.06.03,2700 ,2206 
2011.06.07,2650 ,296 
2011.06.08,2650 ,2504 
2011.06.09,2670 ,466 
2011.06.10,2635 ,5055 
2011.06.13,2600 ,7309 
2011.06.14,2550 ,2654 
2011.06.15,2550 ,3147 
2011.06.16,2410 ,30043 
2011.06.17,2305 ,50367 
2011.06.20,2310 ,6948 
2011.06.21,2330 ,9540 
2011.06.22,2370 ,10336 
2011.06.23,2355 ,30563 
2011.06.24,2380 ,7377 
2011.06.27,2355 ,23291 
2011.06.28,2390 ,9903 
2011.06.29,2415 ,5783 
2011.06.30,2575 ,18022 
2011.07.01,2530 ,3563 
2011.07.04,2600 ,8391 
2011.07.05,2620 ,2677 
2011.07.06,2600 ,8815 
2011.07.07,2565 ,6608 
2011.07.08,2545 ,18807 
2011.07.11,2520 ,4798 
2011.07.12,2560 ,23373 
2011.07.13,2560 ,5803 
2011.07.14,2530 ,8842 
2011.07.15,2500 ,4007 
2011.07.18,2430 ,12124 
2011.07.19,2450 ,4160 
2011.07.20,2505 ,7902 
2011.07.21,2495 ,11778 
2011.07.22,2530 ,6855 
2011.07.25,2485 ,3708 
2011.07.26,2510 ,6531 
2011.07.27,2500 ,7458 
2011.07.28,2700 ,40686 
2011.07.29,2690 ,23233 
2011.08.01,2700 ,10096 
2011.08.02,2605 ,12512 
2011.08.03,2550 ,17350 
2011.08.04,2575 ,12066 
2011.08.05,2420 ,34225 
2011.08.08,2195 ,40917 
2011.08.09,2110 ,24371 
2011.08.10,2165 ,7065 
2011.08.11,2200 ,12459 
2011.08.12,2230 ,11170 
2011.08.16,2290 ,1642 
2011.08.17,2325 ,4251 
2011.08.18,2305 ,1400 
2011.08.19,2130 ,32679 
2011.08.22,2075 ,7511 
2011.08.23,2145 ,8097 
2011.08.24,2125 ,6819 
2011.08.25,2150 ,3739 
2011.08.26,2105 ,14597 
2011.08.29,2105 ,23149 
2011.08.30,2130 ,14368 
2011.08.31,2150 ,14070 
2011.09.01,2155 ,4518 
2011.09.02,2135 ,12390 
2011.09.05,2120 ,5579 
2011.09.06,2130 ,4263 
2011.09.07,2140 ,5671 
2011.09.08,2265 ,22648 
2011.09.09,2175 ,8039 
2011.09.14,2100 ,21043 
2011.09.15,2120 ,6685 
2011.09.16,2150 ,8954 
2011.09.19,2145 ,1957 
2011.09.20,2130 ,3625 
2011.09.21,2155 ,2733 
2011.09.22,2095 ,20157 
2011.09.23,2000 ,16227 
2011.09.26,1805 ,16313 
2011.09.27,1925 ,20880 
2011.09.28,1950 ,6921 
2011.09.29,1960 ,1191 
2011.09.30,2045 ,4040 
2011.10.04,1990 ,1608 
2011.10.05,1980 ,4220 
2011.10.06,2005 ,3558 
2011.10.07,2065 ,3247 
2011.10.10,2165 ,6243 
2011.10.11,2185 ,589 
2011.10.12,2160 ,4360 
2011.10.13,2175 ,6645 
2011.10.14,2160 ,10290 
2011.10.17,2145 ,9075 
2011.10.18,2150 ,7372 
2011.10.19,2140 ,16250 
2011.10.20,2140 ,15301 
2011.10.21,2150 ,8238 
2011.10.24,2150 ,6253 
2011.10.25,2160 ,6611 
2011.10.26,2120 ,1427 
2011.10.27,2135 ,11316 
2011.10.28,2155 ,18120 
2011.10.31,2110 ,9233 
2011.11.01,2155 ,80 
2011.11.02,2150 ,8914 
2011.11.03,2170 ,21283 
2011.11.04,2230 ,38529 
2011.11.07,2245 ,13059 
2011.11.08,2170 ,36174 
2011.11.09,2495 ,459801 
2011.11.10,2225 ,416366 
2011.11.11,2160 ,72555 
2011.11.14,2300 ,90053 
2011.11.15,2400 ,83479 
2011.11.16,2370 ,32523 
2011.11.17,2335 ,12688 
2011.11.18,2300 ,27652 
2011.11.21,2290 ,21737 
2011.11.22,2390 ,50658 
2011.11.23,2295 ,65070 
2011.11.24,2280 ,15552 
2011.11.25,2255 ,67105 
2011.11.28,2220 ,11437 
2011.11.29,2300 ,12690 
2011.11.30,2250 ,9603 
2011.12.01,2320 ,9942 
2011.12.02,2280 ,4907 
2011.12.05,2325 ,4763 
2011.12.06,2275 ,5561 
2011.12.07,2290 ,17051 
2011.12.08,2240 ,21198 
2011.12.09,2270 ,5215 
2011.12.12,2350 ,16395 
2011.12.13,2310 ,14566 
2011.12.14,2300 ,17997 
2011.12.15,2300 ,5053 
2011.12.16,2345 ,14689 
2011.12.19,2215 ,23985 
2011.12.20,2260 ,9333 
2011.12.21,2295 ,3595 
2011.12.22,2300 ,6603 
2011.12.23,2285 ,14280 
2011.12.26,2310 ,27661 
2011.12.27,2340 ,27572 
2011.12.28,2250 ,15611 
2011.12.29,2235 ,7817 
2012.01.02,2230 ,1894 
2012.01.03,2225 ,13639 
2012.01.04,2240 ,6757 
2012.01.05,2215 ,28851 
2012.01.06,2190 ,11609 
2012.01.09,2185 ,8774 
2012.01.10,2185 ,23957 
2012.01.11,2200 ,7029 
2012.01.12,2205 ,8809 
2012.01.13,2230 ,18717 
2012.01.16,2225 ,17034 
2012.01.17,2220 ,15903 
2012.01.18,2200 ,15389 
2012.01.19,2210 ,30480 
2012.01.20,2205 ,5391 
2012.01.25,2205 ,27690 
2012.01.26,2240 ,33035 
2012.01.27,2245 ,35311 
2012.01.30,2290 ,32065 
2012.01.31,2260 ,30621 
2012.02.01,2255 ,14568 
2012.02.02,2290 ,43852 
2012.02.03,2370 ,114145 
2012.02.06,2350 ,36091 
2012.02.07,2365 ,16036 
2012.02.08,2360 ,30102 
2012.02.09,2385 ,12433 
2012.02.10,2430 ,21320 
2012.02.13,2430 ,19271 
2012.02.14,2485 ,15483 
2012.02.15,2555 ,29843 
2012.02.16,2555 ,38488 
2012.02.17,2615 ,24611 
2012.02.20,2695 ,32183 
2012.02.21,2645 ,12085 
2012.02.22,2505 ,37073 
2012.02.23,2510 ,5762 
2012.02.24,2520 ,9347 
2012.02.27,2550 ,8891 
2012.02.28,2630 ,6666 
2012.02.29,2595 ,2625 
2012.03.02,2655 ,4898 
2012.03.05,2630 ,23305 
2012.03.06,2670 ,24312 
2012.03.07,2700 ,17237 
2012.03.08,2710 ,21497 
2012.03.09,2715 ,3954 
2012.03.12,2685 ,9548 
2012.03.13,2715 ,6478 
2012.03.14,2690 ,15129 
2012.03.15,2610 ,4138 
2012.03.16,2615 ,1865 
2012.03.19,2625 ,10238 
2012.03.20,2635 ,24886 
2012.03.21,2640 ,18421 
2012.03.22,2645 ,11970 
2012.03.23,2650 ,2031 
2012.03.26,2620 ,2412 
2012.03.27,2665 ,366 
2012.03.28,2660 ,324 
2012.03.29,2650 ,1343 
2012.03.30,2650 ,2189 
2012.04.02,2660 ,3812 
2012.04.03,2635 ,1658 
2012.04.04,2610 ,21572 
2012.04.05,2625 ,594 
2012.04.06,2615 ,7641 
2012.04.09,2615 ,3624 
2012.04.10,2585 ,3196 
2012.04.12,2685 ,9132 
2012.04.13,2710 ,7333 
2012.04.16,2695 ,2250 
2012.04.17,2690 ,1169 
2012.04.18,2555 ,29733 
2012.04.19,2555 ,11014 
2012.04.20,2585 ,7818 
2012.04.23,2565 ,8424 
2012.04.24,2565 ,2611 
2012.04.25,2535 ,2347 
2012.04.26,2505 ,5032 
2012.04.27,2480 ,4741 
2012.04.30,2455 ,13595 
2012.05.02,2455 ,4980 
2012.05.03,2460 ,10171 
2012.05.04,2455 ,1611 
2012.05.07,2425 ,3885 
2012.05.08,2465 ,4949 
2012.05.09,2475 ,673 
2012.05.10,2480 ,4869 
2012.05.11,2475 ,609 
2012.05.14,2435 ,5286 
2012.05.15,2465 ,10796 
2012.05.16,2415 ,14596 
2012.05.17,2220 ,50607 
2012.05.18,2235 ,7626 
2012.05.21,2240 ,6513 
2012.05.22,2235 ,6362 
2012.05.23,2215 ,3159 
2012.05.24,2255 ,1420 
2012.05.25,2250 ,5582 
2012.05.29,2225 ,11638 
2012.05.30,2205 ,11842 
2012.05.31,2170 ,7319 
2012.06.01,2185 ,5338 
2012.06.04,2145 ,2229 
2012.06.05,2150 ,104 
2012.06.07,2185 ,2733 
2012.06.08,2175 ,2531 
2012.06.11,2500 ,288735 
2012.06.12,2400 ,164855 
2012.06.13,2355 ,60553 
2012.06.14,2295 ,36543 
2012.06.15,2245 ,18044 
2012.06.18,2265 ,22566 
2012.06.19,2375 ,39812 
2012.06.20,2520 ,159830 
2012.06.21,2450 ,36434 
2012.06.22,2380 ,36283 
2012.06.25,2360 ,21429 
2012.06.26,2410 ,9122 
2012.06.27,2370 ,11114 
2012.06.28,2375 ,4528 
2012.06.29,2380 ,10127 
2012.07.02,2395 ,19747 
2012.07.03,2750 ,232787 
2012.07.04,3160 ,159463 
2012.07.05,3415 ,1592934 
2012.07.06,3275 ,492236 
2012.07.09,3055 ,326328 
2012.07.10,2855 ,501600 
2012.07.11,2940 ,287540 
2012.07.12,2775 ,148800 
2012.07.13,2700 ,151156 
2012.07.16,3105 ,1928798 
2012.07.17,3105 ,840056 
2012.07.18,2980 ,315406 
2012.07.19,2860 ,307519 
2012.07.20,2905 ,223647 
2012.07.23,2685 ,194033 
2012.07.24,2735 ,230286 
2012.07.25,2640 ,92323 
2012.07.26,2695 ,144671 
2012.07.27,2750 ,107675 
2012.07.30,2625 ,47743 
2012.07.31,2695 ,40253 
2012.08.01,2700 ,37012 
2012.08.02,2785 ,169418 
2012.08.03,2795 ,52751 
2012.08.06,2840 ,248621 
2012.08.07,2860 ,93088 
2012.08.08,2740 ,72826 
2012.08.09,2735 ,78792 
2012.08.10,2800 ,88994 
2012.08.13,2735 ,63223 
2012.08.14,2715 ,83692 
2012.08.16,2730 ,52999 
2012.08.17,2880 ,339523 
2012.08.20,2900 ,113795 
2012.08.21,2900 ,145011 
2012.08.22,2910 ,2120796 
2012.08.23,2825 ,230658 
2012.08.24,2960 ,484577 
2012.08.27,2990 ,134519 
2012.08.28,2985 ,190543 
2012.08.29,3040 ,161018 
2012.08.30,2955 ,120664 
2012.08.31,2910 ,109124 
2012.09.03,2925 ,95824 
2012.09.04,2855 ,68893 
2012.09.05,2880 ,70313 
2012.09.06,2865 ,43655 
2012.09.07,2835 ,53037 
2012.09.10,2900 ,78140 
2012.09.11,2870 ,39366 
2012.09.12,2865 ,51285 
2012.09.13,2930 ,95897 
2012.09.14,2800 ,68542 
2012.09.17,3130 ,643148 
2012.09.18,3100 ,248597 
2012.09.19,3230 ,350890 
2012.09.20,3160 ,131161 
2012.09.21,3175 ,180531 
2012.09.24,3125 ,126031 
2012.09.25,2955 ,167068 
2012.09.26,2945 ,62108 
2012.09.27,2860 ,83867 
2012.09.28,2860 ,37118 
2012.10.02,2790 ,55631 
2012.10.04,2805 ,57020 
2012.10.05,2875 ,26767 
2012.10.08,3050 ,154986 
2012.10.09,3090 ,57061 
2012.10.10,3060 ,45240 
2012.10.11,2970 ,59099 
2012.10.12,3010 ,52262 
2012.10.15,2990 ,165678 
2012.10.16,3055 ,31238 
2012.10.17,3150 ,654550 
2012.10.18,3035 ,153084 
2012.10.19,2925 ,85041 
2012.10.22,2870 ,47730 
2012.10.23,3000 ,33360 
2012.10.24,2955 ,37990 
2012.10.25,2955 ,42261 
2012.10.26,2900 ,36826 
2012.10.29,2720 ,59790 
2012.10.30,2740 ,46907 
2012.10.31,2870 ,32743 
2012.11.01,2810 ,21307 
2012.11.02,2800 ,19683 
2012.11.05,2740 ,20627 
2012.11.06,2800 ,12928 
2012.11.07,2985 ,187309 
2012.11.08,3050 ,192485 
2012.11.09,2950 ,56367 
2012.11.12,2995 ,40001 
2012.11.13,2840 ,91453 
2012.11.14,2800 ,61454 
2012.11.15,2610 ,99883 
2012.11.16,2515 ,47710 
2012.11.19,2630 ,19371 
2012.11.20,2580 ,21740 
2012.11.21,2495 ,46858 
2012.11.22,2610 ,17256 
2012.11.23,2570 ,13333 
2012.11.26,2610 ,4284 
2012.11.27,2605 ,2776 
2012.11.28,2510 ,24578 
2012.11.29,2415 ,25340 
2012.11.30,2400 ,8296 
2012.12.03,2365 ,16161 
2012.12.04,2365 ,12717 
2012.12.05,2340 ,12411 
2012.12.06,2370 ,4663 
2012.12.07,2310 ,22576 
2012.12.10,2180 ,54390 
2012.12.11,2190 ,47031 
2012.12.12,2190 ,23325 
2012.12.13,2225 ,10930 
2012.12.14,2315 ,9380 
2012.12.17,2315 ,16790 
2012.12.18,2285 ,12379 
2012.12.20,2300 ,11571 
2012.12.21,2350 ,26582 
2012.12.24,2320 ,18988 
2012.12.26,2425 ,12320 
2012.12.27,2400 ,5137 
2012.12.28,2395 ,4339 
2013.01.02,2330 ,11519 
2013.01.03,2265 ,18182 
2013.01.04,2345 ,26379 
2013.01.07,2320 ,9847 
2013.01.08,2310 ,12572 
2013.01.09,2295 ,19245 
2013.01.10,2275 ,26127 
2013.01.11,2290 ,14355 
2013.01.14,2285 ,13135 
2013.01.15,2265 ,21461 
2013.01.16,2260 ,14339 
2013.01.17,2280 ,25616 
2013.01.18,2405 ,73853 
2013.01.21,2465 ,25469 
2013.01.22,2650 ,202252 
2013.01.23,2610 ,63084 
2013.01.24,2680 ,193332 
2013.01.25,2685 ,102421 
2013.01.28,2680 ,53171 
2013.01.29,2595 ,32327 
2013.01.30,2625 ,16462 
2013.01.31,2680 ,19938 
2013.02.01,2730 ,8372 
2013.02.04,2720 ,16828 
2013.02.05,2700 ,55802 
2013.02.06,2735 ,55812 
2013.02.07,2740 ,38036 
2013.02.08,2735 ,17773 
2013.02.12,2680 ,64304 
2013.02.13,2640 ,84564 
2013.02.14,2660 ,35931 
2013.02.15,2580 ,45653 
2013.02.18,2515 ,18053 
2013.02.19,2550 ,42015 
2013.02.20,2550 ,21935 
2013.02.21,2600 ,37687 
2013.02.22,2560 ,12565 
2013.02.25,2600 ,21918 
2013.02.26,2565 ,16722 
2013.02.27,2580 ,26679 
2013.02.28,2580 ,24201 
2013.03.04,2580 ,9038 
2013.03.05,2600 ,42768 
2013.03.06,2640 ,35668 
2013.03.07,2650 ,55792 
2013.03.08,2665 ,134710 
2013.03.11,2670 ,77082 
2013.03.12,2675 ,35105 
2013.03.13,2695 ,69808 
2013.03.14,2690 ,15749 
2013.03.15,2680 ,17057 
2013.03.18,2670 ,35252 
2013.03.19,2690 ,34260 
2013.03.20,2690 ,5860 
2013.03.21,2690 ,6168 
2013.03.22,2685 ,24853 
2013.03.25,2690 ,19491 
2013.03.26,2700 ,9097 
2013.03.27,2690 ,19440 
2013.03.28,2700 ,10906 
2013.03.29,2745 ,32460 
2013.04.01,2745 ,44019 
2013.04.02,2730 ,30128 
2013.04.03,2730 ,13250 
2013.04.04,2675 ,45751 
2013.04.05,2660 ,13624 
2013.04.08,2650 ,7954 
2013.04.09,2625 ,12390 
2013.04.10,2675 ,14060 
2013.04.11,2670 ,4135 
2013.04.12,2640 ,14826 
2013.04.15,2620 ,13128 
2013.04.16,2605 ,12772 
2013.04.17,2640 ,14420 
2013.04.18,2630 ,13440 
2013.04.19,2640 ,19690 
2013.04.22,2640 ,26567 
2013.04.23,2680 ,20376 
2013.04.24,2725 ,112750 
2013.04.25,2725 ,27308 
2013.04.26,2730 ,21355 
2013.04.29,2735 ,10474 
2013.04.30,2765 ,149448 
2013.05.02,2750 ,32295 
2013.05.03,2745 ,15185 
2013.05.06,2780 ,17645 
2013.05.07,2785 ,19725 
2013.05.08,2825 ,16434 
2013.05.09,2820 ,11488 
2013.05.10,2810 ,50764 
2013.05.13,2840 ,18164 
2013.05.14,2840 ,45750 
2013.05.15,2855 ,13975 
2013.05.16,2850 ,14232 
2013.05.20,2865 ,11813 
2013.05.21,2885 ,25051 
2013.05.22,2930 ,31623 
2013.05.23,2935 ,32017 
2013.05.24,2935 ,32452 
2013.05.27,2930 ,28214 
2013.05.28,3025 ,69593 
2013.05.29,3020 ,32600 
2013.05.30,3035 ,94801 
2013.05.31,3040 ,18685 
2013.06.03,3060 ,25353 
2013.06.04,3000 ,41476 
2013.06.05,2960 ,40179 
2013.06.07,2850 ,24028 
2013.06.10,2900 ,62277 
2013.06.11,2855 ,22054 
2013.06.12,2860 ,11984 
2013.06.13,2810 ,34416 
2013.06.14,2750 ,27672 
2013.06.17,2750 ,33391 
2013.06.18,2800 ,53097 
2013.06.19,2820 ,44613 
2013.06.20,2765 ,8623 
2013.06.21,2710 ,22169 
2013.06.24,2725 ,25127 
2013.06.25,2595 ,56587 
2013.06.26,2540 ,52132 
2013.06.27,2650 ,8306 
2013.06.28,2640 ,15654 
2013.07.01,2695 ,13061 
2013.07.02,2705 ,190332 
2013.07.03,2720 ,33067 
2013.07.04,2700 ,25429 
2013.07.05,2700 ,21780 
2013.07.08,2705 ,79533 
2013.07.09,2770 ,72522 
2013.07.10,2735 ,36175 
2013.07.11,2780 ,46105 
2013.07.12,2800 ,17066 
2013.07.15,2765 ,5254 
2013.07.16,2810 ,37671 
2013.07.17,2770 ,27779 
2013.07.18,2775 ,30419 
2013.07.19,2810 ,15215 
2013.07.22,2770 ,11029 
2013.07.23,2785 ,7571 
2013.07.24,2785 ,118767 
2013.07.25,3000 ,204892 
2013.07.26,3100 ,261001 
2013.07.29,3100 ,94293 
2013.07.30,3125 ,77300 
2013.07.31,3120 ,36236 
2013.08.01,3060 ,38924 
2013.08.02,2990 ,59918 
2013.08.05,2945 ,63275 
2013.08.06,3120 ,88771 
2013.08.07,3150 ,149081 
2013.08.08,3125 ,23295 
2013.08.09,3140 ,36912 
2013.08.12,3130 ,35854 
2013.08.13,3145 ,24736 
2013.08.14,3085 ,46686 
2013.08.16,3110 ,51365 
2013.08.19,3115 ,26601 
2013.08.20,2975 ,28612 
2013.08.21,2910 ,59077 
2013.08.22,2810 ,20050 
2013.08.23,2825 ,20751 
2013.08.26,2945 ,23360 
2013.08.27,2895 ,9556 
2013.08.28,2870 ,9656 
2013.08.29,2885 ,10209 
2013.08.30,2850 ,6403 
2013.09.02,2825 ,15938 
2013.09.03,2830 ,13067 
2013.09.04,2830 ,3897 
2013.09.05,2850 ,9419 
2013.09.06,2800 ,6385 
2013.09.09,2935 ,109477 
2013.09.10,2930 ,18893 
2013.09.11,2915 ,13559 
2013.09.12,2920 ,198100 
2013.09.13,2855 ,47168 
2013.09.16,2830 ,12408 
2013.09.17,2825 ,6149 
2013.09.23,2825 ,19178 
2013.09.24,2825 ,40058 
2013.09.25,2765 ,12541 
2013.09.26,2900 ,84112 
2013.09.27,2845 ,13671 
2013.09.30,2815 ,7315 
2013.10.01,2880 ,30270 
2013.10.02,2850 ,18146 
2013.10.04,2880 ,8984 
2013.10.07,2875 ,10018 
2013.10.08,2880 ,11688 
2013.10.10,2880 ,9931 
2013.10.11,2850 ,18430 
2013.10.14,2845 ,12823 
2013.10.15,2845 ,13840 
2013.10.16,2830 ,16669 
2013.10.17,2800 ,10639 
2013.10.18,2790 ,9082 
2013.10.21,2830 ,14793 
2013.10.22,2835 ,3626 
2013.10.23,2820 ,14168 
2013.10.24,2830 ,4266 
2013.10.25,2830 ,25064 
2013.10.28,2845 ,79712 
2013.10.29,2825 ,5712 
2013.10.30,2905 ,51170 
2013.10.31,2920 ,16659 
2013.11.01,2915 ,26107 
2013.11.04,2925 ,8310 
2013.11.05,2895 ,10349 
2013.11.06,2855 ,21749 
2013.11.07,2820 ,10037 
2013.11.08,2810 ,5214 
2013.11.11,2820 ,22556 
2013.11.12,2815 ,4662 
2013.11.13,2785 ,31269 
2013.11.14,2700 ,19383 
2013.11.15,2700 ,29522 
2013.11.18,2690 ,34872 
2013.11.19,2590 ,35293 
2013.11.20,2600 ,20479 
2013.11.21,2595 ,5690 
2013.11.22,2595 ,6207 
2013.11.25,2590 ,16385 
2013.11.26,2630 ,5348 
2013.11.27,2630 ,7026 
2013.11.28,2670 ,2378 
2013.11.29,2675 ,6718 
2013.12.02,2710 ,4644 
2013.12.03,2730 ,91388 
2013.12.04,2655 ,9088 
2013.12.05,2675 ,3079 
2013.12.06,2680 ,3383 
2013.12.09,2695 ,1553 
2013.12.10,2690 ,599 
2013.12.11,2660 ,3743 
2013.12.12,2600 ,9213 
2013.12.13,2575 ,2807 
2013.12.16,2565 ,3031 
2013.12.17,2615 ,3041 
2013.12.18,2600 ,2520 
2013.12.19,2580 ,5321 
2013.12.20,2595 ,7696 
2013.12.23,2675 ,7027 
2013.12.24,2600 ,1981 
2013.12.26,2600 ,705 
2013.12.27,2550 ,3804 
2013.12.30,2550 ,494 
2014.01.02,2520 ,24219 
2014.01.03,2505 ,1550 
2014.01.06,2490 ,1132 
2014.01.07,2500 ,7362 
2014.01.08,2520 ,3004 
2014.01.09,2540 ,2795 
2014.01.10,2490 ,4649 
2014.01.13,2470 ,907 
2014.01.14,2565 ,54690 
2014.01.15,2575 ,3125 
2014.01.16,2580 ,2211 
2014.01.17,2600 ,77421 
2014.01.20,2590 ,44698 
2014.01.21,2595 ,10306 
2014.01.22,2575 ,1581 
2014.01.23,2570 ,10729 
2014.01.24,2570 ,113 
2014.01.27,2560 ,248 
2014.01.28,2570 ,158769 
2014.01.29,2475 ,133931 
2014.02.03,2540 ,27029 
2014.02.04,2520 ,1469 
2014.02.05,2470 ,10199 
2014.02.06,2465 ,24822 
2014.02.07,2460 ,19584 
2014.02.10,2495 ,14569 
2014.02.11,2400 ,38627 
2014.02.12,2420 ,7468 
2014.02.13,2420 ,8395 
2014.02.14,2390 ,24662 
2014.02.17,2365 ,114801 
2014.02.18,2355 ,14752 
2014.02.19,2370 ,19594 
2014.02.20,2370 ,23047 
2014.02.21,2380 ,29340 
2014.02.24,2375 ,30524 
2014.02.25,2375 ,20987 
2014.02.26,2400 ,33201 
2014.02.27,2400 ,3825 
2014.02.28,2375 ,63476 
2014.03.03,2350 ,25091 
2014.03.04,2350 ,2115 
2014.03.05,2385 ,10356 
2014.03.06,2365 ,29834 
2014.03.07,2380 ,19509 
2014.03.10,2380 ,28199 
2014.03.11,2375 ,11703 
2014.03.12,2370 ,25705 
2014.03.13,2340 ,33255 
2014.03.14,2365 ,32417 
2014.03.17,2375 ,12306 
2014.03.18,2390 ,25665 
2014.03.19,2420 ,21298 
2014.03.20,2435 ,19449 
2014.03.21,2430 ,39580 
2014.03.24,2420 ,3902 
2014.03.25,2390 ,11191 
2014.03.26,2405 ,9444 
2014.03.27,2390 ,8610 
2014.03.28,2400 ,10518 
2014.03.31,2385 ,28847 
2014.04.01,2385 ,10286 
2014.04.02,2400 ,6841 
2014.04.03,2420 ,3487 
2014.04.04,2435 ,12089 
2014.04.07,2455 ,16109 
2014.04.08,2450 ,6276 
2014.04.09,2450 ,6426 
2014.04.10,2470 ,20754 
2014.04.11,2465 ,11750 
2014.04.14,2495 ,12195 
2014.04.15,2580 ,31169 
2014.04.16,2580 ,15142 
2014.04.17,2595 ,40458 
2014.04.18,2620 ,10653 
2014.04.21,2570 ,7835 
2014.04.22,2615 ,3333 
2014.04.23,2585 ,9756 
2014.04.24,2520 ,43410 
2014.04.25,2500 ,2496 
2014.04.28,2500 ,3797 
2014.04.29,2515 ,7372 
2014.04.30,2510 ,1653 
2014.05.02,2500 ,5695 
2014.05.07,2475 ,14711 
2014.05.08,2510 ,3868 
2014.05.09,2515 ,4296 
2014.05.12,2515 ,21214 
2014.05.13,2500 ,10300 
2014.05.14,2505 ,10353 
2014.05.15,2240 ,343938 
2014.05.16,2240 ,112039 
2014.05.19,2235 ,9820 
2014.05.20,2250 ,12299 
2014.05.21,2260 ,4671 
2014.05.22,2285 ,12050 
2014.05.23,2295 ,16390 
2014.05.26,2280 ,15952 
2014.05.27,2290 ,19307 
2014.05.28,2285 ,21066 
2014.05.29,2285 ,18554 
2014.05.30,2300 ,30149 
2014.06.02,2225 ,36648 
2014.06.03,2225 ,45450 
2014.06.05,2250 ,8343 
2014.06.09,2300 ,34123 
2014.06.10,2340 ,33025 
2014.06.11,2335 ,4851 
2014.06.12,2350 ,1796 
2014.06.13,2340 ,1916 
2014.06.16,2345 ,2136 
2014.06.17,2325 ,2153 
2014.06.18,2350 ,776 
2014.06.19,2390 ,6949 
2014.06.20,2385 ,2506 
2014.06.23,2320 ,3387 
2014.06.24,2285 ,22426 
2014.06.25,2295 ,20639 
2014.06.26,2330 ,2139 
2014.06.27,2300 ,7558 
2014.06.30,2290 ,3260 
2014.07.01,2315 ,2390 
2014.07.02,2300 ,10574 
2014.07.03,2350 ,80147 
2014.07.04,2350 ,655 
2014.07.07,2370 ,4478 
2014.07.08,2360 ,6738 
2014.07.09,2365 ,12030 
2014.07.10,2380 ,2874 
2014.07.11,2355 ,2349 
2014.07.14,2395 ,49873 
2014.07.15,2365 ,23499 
2014.07.16,2375 ,8558 
2014.07.17,2370 ,20789 
2014.07.18,2430 ,27140 
2014.07.21,2415 ,7198 
2014.07.22,2370 ,17195 
2014.07.23,2390 ,7438 
2014.07.24,2375 ,13036 
2014.07.25,2390 ,2986 
2014.07.28,2350 ,9336 
2014.07.29,2455 ,160298 
2014.07.30,2420 ,20705 
2014.07.31,2450 ,13159 
2014.08.01,2430 ,3376 
2014.08.04,2450 ,6536 
2014.08.05,2395 ,19022 
2014.08.06,2375 ,22490 
2014.08.07,2365 ,2743 
2014.08.08,2340 ,13193 
2014.08.11,2375 ,5394 
2014.08.12,2375 ,2840 
2014.08.13,2220 ,60343 
2014.08.14,2230 ,13380 
2014.08.18,2225 ,15853 
2014.08.19,2215 ,8919 
2014.08.20,2280 ,11647 
2014.08.21,2270 ,3164 
2014.08.22,2270 ,10921 
2014.08.25,2275 ,12451 
2014.08.26,2285 ,1479 
2014.08.27,2275 ,13723 
2014.08.28,2275 ,565 
2014.08.29,2255 ,22270 
2014.09.01,2250 ,2731 
2014.09.02,2235 ,28111 
2014.09.03,2205 ,2294 
2014.09.04,2095 ,90316 
2014.09.05,2165 ,36988 
2014.09.11,2175 ,3041 
2014.09.12,2165 ,6791 
2014.09.15,2150 ,5171 
2014.09.16,2165 ,7501 
2014.09.17,2120 ,10579 
2014.09.18,2145 ,8109 
2014.09.19,2165 ,4896 
2014.09.22,2120 ,6469 
2014.09.23,2140 ,6333 
2014.09.24,2160 ,1316 
2014.09.25,2130 ,741 
2014.09.26,2165 ,5877 
2014.09.29,2180 ,7913 
2014.09.30,2150 ,5914 
2014.10.01,2140 ,7488 
2014.10.02,2160 ,10959 
2014.10.06,2170 ,3047 
2014.10.07,2170 ,2557 
2014.10.08,2170 ,27551 
2014.10.10,2080 ,20665 
2014.10.13,2035 ,13707 
2014.10.14,2050 ,4864 
2014.10.15,2045 ,6071 
2014.10.16,2075 ,17365 
2014.10.17,2075 ,19104 
2014.10.20,2150 ,29408 
2014.10.21,2185 ,30855 
2014.10.22,2180 ,24340 
2014.10.23,2340 ,233430 
2014.10.24,2280 ,41181 
2014.10.27,2260 ,9546 
2014.10.28,2190 ,15948 
2014.10.29,2235 ,17983 
2014.10.30,2240 ,2589 
2014.10.31,2240 ,3639 
2014.11.03,2250 ,6234 
2014.11.04,2105 ,37835 
2014.11.05,2150 ,1440 
2014.11.06,2100 ,4638 
2014.11.07,2120 ,1286 
2014.11.10,2130 ,2061 
2014.11.11,2085 ,3361 
2014.11.12,2095 ,13598 
2014.11.13,2135 ,2701 
2014.11.14,2145 ,4041 
2014.11.17,2155 ,89 
2014.11.18,2095 ,3435 
2014.11.19,2080 ,6061 
2014.11.20,2115 ,5711 
2014.11.21,2125 ,1826 
2014.11.24,2130 ,546 
2014.11.25,2145 ,1005 
2014.11.26,2155 ,3715 
2014.11.27,2160 ,1363 
2014.11.28,2165 ,6910 
2014.12.01,2100 ,14591 
2014.12.02,2125 ,2694 
2014.12.03,2145 ,12221 
2014.12.04,2140 ,10983 
2014.12.05,2110 ,8528 
2014.12.08,2105 ,12676 
2014.12.09,2120 ,9930 
2014.12.10,2100 ,11327 
2014.12.11,2110 ,2133 
2014.12.12,2100 ,15387 
2014.12.15,2100 ,22102 
2014.12.16,2045 ,21847 
2014.12.17,2015 ,17473 
2014.12.18,2020 ,11314 
2014.12.19,2015 ,1591 
2014.12.22,2025 ,4907 
2014.12.23,2055 ,3280 
2014.12.24,2080 ,11397 
2014.12.26,2100 ,30458 
2014.12.29,2060 ,2435 
2014.12.30,2075 ,1693 
2015.01.02,2070 ,837 
2015.01.05,1975 ,71386 
2015.01.06,1980 ,5411 
2015.01.07,2040 ,3998 
2015.01.08,1995 ,4204 
2015.01.09,1985 ,13962 
2015.01.12,2005 ,27095 
2015.01.13,2025 ,8578 
2015.01.14,2000 ,12266 
2015.01.15,1990 ,9489 
2015.01.16,1990 ,5748 
2015.01.19,1995 ,1508 
2015.01.20,2095 ,21758 
2015.01.21,2035 ,20243 
2015.01.22,2035 ,1236 
2015.01.23,2060 ,37006 
2015.01.26,2130 ,89111 
2015.01.27,2120 ,11688 
2015.01.28,2120 ,5521 
2015.01.29,2085 ,3429 
2015.01.30,2105 ,8990 
2015.02.02,2105 ,629 
2015.02.03,2110 ,16830 
2015.02.04,2115 ,2676 
2015.02.05,2100 ,8906 
2015.02.06,2105 ,23918 
2015.02.09,2115 ,9632 
2015.02.10,2120 ,2696 
2015.02.11,2160 ,8968 
2015.02.12,2150 ,4850 
2015.02.13,2150 ,6312 
2015.02.16,2165 ,12462 
2015.02.17,2185 ,15886 
2015.02.23,2225 ,32526 
2015.02.24,2235 ,28156 
2015.02.25,2200 ,28005 
2015.02.26,2345 ,147296 
2015.02.27,2340 ,140143 
2015.03.02,2350 ,63156 
2015.03.03,2545 ,271223 
2015.03.04,2715 ,713933 
2015.03.05,2940 ,697856 
2015.03.06,2975 ,529258 
2015.03.09,2855 ,133198 
2015.03.10,2790 ,35418 
2015.03.11,2745 ,43238 
2015.03.12,2910 ,142195 
2015.03.13,2925 ,193642 
2015.03.16,2865 ,36544 
2015.03.17,2875 ,29897 
2015.03.18,2825 ,34179 
2015.03.19,2780 ,12172 
2015.03.20,2855 ,50238 
2015.03.23,2875 ,32193 
2015.03.24,2840 ,29201 
2015.03.25,2790 ,26381 
2015.03.26,2840 ,26006 
2015.03.27,2840 ,16462 
2015.03.30,2920 ,35681 
2015.03.31,2885 ,7276 
2015.04.01,2810 ,21275 
2015.04.02,2810 ,19904 
2015.04.03,2760 ,22573 
2015.04.06,2645 ,52567 
2015.04.07,2905 ,79718 
2015.04.08,2935 ,39111 
2015.04.09,2810 ,35393 
2015.04.10,2645 ,97880 
2015.04.13,3000 ,343895 
2015.04.14,3005 ,144173 
2015.04.15,2900 ,53207 
2015.04.16,2970 ,200656 
2015.04.17,2960 ,55777 
2015.04.20,2955 ,71596 
2015.04.21,3085 ,134528 
2015.04.22,2965 ,67330 
2015.04.23,2880 ,37570 
2015.04.24,3160 ,153016 
2015.04.27,2990 ,57538 
2015.04.28,3130 ,140956 
2015.04.29,3270 ,383410 
2015.04.30,3400 ,178629 
2015.05.04,3370 ,103566 
2015.05.06,3615 ,245350 
2015.05.07,3935 ,377692 
2015.05.08,4525 ,1147516 
2015.05.11,4900 ,1395106 
2015.05.12,4640 ,654196 
2015.05.13,4610 ,516205 
2015.05.14,4800 ,262867 
2015.05.15,4440 ,242252 
2015.05.18,4050 ,276425 
2015.05.19,4210 ,155436 
2015.05.20,4000 ,199351 
2015.05.21,4055 ,150921 
2015.05.22,4015 ,106152 
2015.05.26,3825 ,105495 
2015.05.27,3830 ,101341 
2015.05.28,3880 ,65229 
2015.05.29,3950 ,117683 
2015.06.01,3970 ,91771 
2015.06.02,3660 ,87477 
2015.06.03,3490 ,123739 
2015.06.04,3560 ,41381 
2015.06.05,3515 ,57949 
2015.06.08,3585 ,40247 
2015.06.09,3795 ,177276 
2015.06.10,4070 ,322378 
2015.06.11,3895 ,169380 
2015.06.12,3790 ,78755 
2015.06.15,3795 ,42235 
2015.06.16,3600 ,77562 
2015.06.17,3860 ,76231 
2015.06.18,4095 ,391009 
2015.06.19,4030 ,182476 
2015.06.22,4165 ,82590 
2015.06.23,4090 ,64783 
2015.06.24,4090 ,23402 
2015.06.25,4015 ,55719 
2015.06.26,3930 ,52289 
2015.06.29,3830 ,60288 
2015.06.30,3845 ,28284 
2015.07.01,3935 ,28868 
2015.07.02,3780 ,50289 
2015.07.03,3785 ,33048 
2015.07.06,3630 ,41905 
2015.07.07,3620 ,55994 
2015.07.08,3655 ,34337 
2015.07.09,3655 ,36515 
2015.07.10,3755 ,52531 
2015.07.13,3765 ,16463 
2015.07.14,3790 ,33634 
2015.07.15,3810 ,48465 
2015.07.16,3810 ,37199 
2015.07.17,3930 ,66175 
2015.07.20,3995 ,33592 
2015.07.21,3990 ,37832 
2015.07.22,3950 ,52905 
2015.07.23,3970 ,55042 
2015.07.24,3930 ,50881 
2015.07.27,3795 ,46031 
2015.07.28,3765 ,190721 
2015.07.29,3820 ,28115 
2015.07.30,3795 ,38008 
2015.07.31,3880 ,43784 
2015.08.03,4185 ,231687 
2015.08.04,4115 ,73637 
2015.08.05,4060 ,35196 
2015.08.06,4025 ,26157 
2015.08.07,4030 ,9013 
2015.08.10,3980 ,32061 
2015.08.11,3850 ,49913 
2015.08.12,3680 ,39388 
2015.08.13,3800 ,18503 
2015.08.17,3780 ,16531 
2015.08.18,3740 ,15785 
2015.08.19,3585 ,101773 
2015.08.20,3430 ,7130 
2015.08.21,3165 ,43652 
2015.08.24,2970 ,41095 
2015.08.25,3135 ,20893 
2015.08.26,3480 ,36511 
2015.08.27,3610 ,23545 
2015.08.28,3600 ,4592 
2015.08.31,3605 ,13387 
2015.09.01,3490 ,16275 
2015.09.02,3400 ,22385 
2015.09.03,3390 ,25929 
2015.09.04,3295 ,9042 
2015.09.07,3300 ,6426 
2015.09.08,3185 ,14202 
2015.09.09,3690 ,180897 
2015.09.10,3665 ,54854 
2015.09.11,3780 ,35406 
2015.09.14,3980 ,193425 
2015.09.15,4000 ,97298 
2015.09.16,3915 ,18200 
2015.09.17,3870 ,14716 
2015.09.18,3920 ,29520 
2015.09.21,3790 ,47311 
2015.09.22,3805 ,13561 
2015.09.23,3740 ,17857 
2015.09.24,3750 ,15408 
2015.09.25,3745 ,7019 
2015.09.30,3690 ,9591 
2015.10.01,3675 ,23649 
2015.10.02,3685 ,10694 
2015.10.05,3675 ,8256 
2015.10.06,3670 ,18758 
2015.10.07,3695 ,11505 
2015.10.08,3735 ,21342 
2015.10.12,3770 ,22097 
2015.10.13,3775 ,11211 
2015.10.14,3790 ,20227 
2015.10.15,3735 ,10454 
2015.10.16,3770 ,21079 
2015.10.19,3805 ,20206 
2015.10.20,3795 ,13074 
2015.10.21,3830 ,25029 
2015.10.22,3740 ,22201 
2015.10.23,3800 ,15261 
2015.10.26,3850 ,15393 
2015.10.27,3820 ,23217 
2015.10.28,4080 ,146281 
2015.10.29,4180 ,90625 
2015.10.30,4190 ,119701 
2015.11.02,4180 ,70425 
2015.11.03,4200 ,84212 
2015.11.04,4020 ,44120 
2015.11.05,3905 ,21154 
2015.11.06,3840 ,25711 
2015.11.09,3685 ,33536 
2015.11.10,3610 ,23506 
2015.11.11,3625 ,9886 
2015.11.12,3620 ,8824 
2015.11.13,3595 ,12323 
2015.11.16,3590 ,8720 
2015.11.17,3640 ,17438 
2015.11.18,3600 ,11367 
2015.11.19,3615 ,3741 
2015.11.20,3625 ,3786 
2015.11.23,3555 ,13142 
2015.11.24,3605 ,9607 
2015.11.25,3655 ,9029 
2015.11.26,3995 ,396650 
2015.11.27,3900 ,61140 
2015.11.30,3870 ,9381 
2015.12.01,3860 ,29885 
2015.12.02,3830 ,12393 
2015.12.03,3820 ,13049 
2015.12.04,3840 ,7003 
2015.12.07,3780 ,8149 
2015.12.08,3750 ,6156 
2015.12.09,3725 ,7775 
2015.12.10,3660 ,12120 
2015.12.11,3730 ,14357 
2015.12.14,3700 ,43268 
2015.12.15,3730 ,9190 
2015.12.16,3705 ,22970 
2015.12.17,3890 ,93426 
2015.12.18,3940 ,27504 
2015.12.21,4250 ,266464 
2015.12.22,4250 ,75297 
2015.12.23,4360 ,128312 
2015.12.24,4290 ,241289 
2015.12.28,4830 ,433359 
2015.12.29,4540 ,74094 
2015.12.30,4315 ,46275 
2016.01.04,4355 ,13675 
2016.01.05,4335 ,11873 
2016.01.06,4200 ,19459 
2016.01.07,4160 ,14843 
2016.01.08,4170 ,13048 
2016.01.11,4130 ,4469 
2016.01.12,4200 ,10665 
2016.01.13,4230 ,7989 
2016.01.14,4220 ,7640 
2016.01.15,4165 ,12710 
2016.01.18,4025 ,5416 
2016.01.19,4055 ,4538 
2016.01.20,3920 ,40060 
2016.01.21,3910 ,11243 
2016.01.22,3990 ,4093 
2016.01.25,4000 ,3181 
2016.01.26,4065 ,1907 
2016.01.27,4105 ,1539 
2016.01.28,4125 ,12201 
2016.01.29,3995 ,8170 
2016.02.01,4040 ,6634 
2016.02.02,4025 ,8150 
2016.02.03,4005 ,4133 
2016.02.04,4035 ,1331 
2016.02.05,4065 ,1014 
2016.02.11,3945 ,4794 
2016.02.12,3720 ,11859 
2016.02.15,3720 ,6471 
2016.02.16,3930 ,3361 
2016.02.17,3970 ,9475 
2016.02.18,3965 ,5577 
2016.02.19,3960 ,3147 
2016.02.22,4020 ,13687 
2016.02.23,4020 ,968 
2016.02.24,4020 ,4460 
2016.02.25,4105 ,7351 
2016.02.26,4150 ,13380 
2016.02.29,4050 ,14532 
2016.03.02,4045 ,8697 
2016.03.03,4045 ,1361 
2016.03.04,4100 ,5993 
2016.03.07,4160 ,17663 
2016.03.08,4160 ,22317 
2016.03.09,4210 ,29974 
2016.03.10,4330 ,26843 
2016.03.11,4200 ,17213 
2016.03.14,4145 ,3567981 
2016.03.15,4040 ,306474 
2016.03.16,4075 ,129783 
2016.03.17,4020 ,127174 
2016.03.18,4260 ,242478 
2016.03.21,4300 ,177015 
2016.03.22,4320 ,90330 
2016.03.23,4520 ,373685 
2016.03.24,4500 ,142558 
2016.03.25,4750 ,332915 
2016.03.28,4755 ,381745 
2016.03.29,4785 ,340390 
2016.03.30,4820 ,257961 
2016.03.31,5200 ,1280056 
2016.04.01,5990 ,2178187 
2016.04.04,6220 ,947665 
2016.04.05,5620 ,920202 
2016.04.06,5350 ,832651 
2016.04.07,5900 ,1638449 
2016.04.08,5100 ,1321364 
2016.04.11,5250 ,502606 
2016.04.12,5340 ,205166 
2016.04.14,5110 ,180472 
2016.04.15,5130 ,152937 
2016.04.18,5210 ,899168 
2016.04.19,5250 ,216498 
2016.04.20,5320 ,168837 
2016.04.21,5170 ,160481 
2016.04.22,5310 ,351165 
2016.04.25,5320 ,200033 
2016.04.26,5590 ,332966 
2016.04.27,5520 ,158435 
2016.04.28,5500 ,113963 
2016.04.29,5740 ,339459 
2016.05.02,5300 ,258754 
2016.05.03,5560 ,187641 
2016.05.04,5570 ,183097 
2016.05.09,5820 ,304814 
2016.05.10,6140 ,304178 
2016.05.11,6220 ,253096 
2016.05.12,5900 ,236749 
2016.05.13,5550 ,292584 
2016.05.16,5390 ,142968 
2016.05.17,5510 ,188805 
2016.05.18,5510 ,79379 
2016.05.19,5450 ,61231 
2016.05.20,5140 ,159467 
2016.05.23,5380 ,127381 
2016.05.24,5250 ,88099 
2016.05.25,5000 ,162234 
2016.05.26,4870 ,103765 
2016.05.27,4745 ,170304 
2016.05.30,4880 ,56153 
2016.05.31,4895 ,61093 
2016.06.01,4800 ,68498 
2016.06.02,4755 ,154232 
2016.06.03,4700 ,75436 
2016.06.07,4640 ,51632 
2016.06.08,4650 ,162136 
2016.06.09,5410 ,494060 
2016.06.10,5110 ,378144 
2016.06.13,5200 ,271601 
2016.06.14,5290 ,230863 
2016.06.15,5500 ,234754 
2016.06.16,5360 ,119403 
2016.06.17,5320 ,100072 
2016.06.20,5140 ,72793 
2016.06.21,5040 ,49685 
2016.06.22,5120 ,35534 
2016.06.23,5010 ,61002 
2016.06.24,4700 ,162247 
2016.06.27,4880 ,72455 
2016.06.28,5380 ,337616 
2016.06.29,5500 ,129938 
2016.06.30,5440 ,115695 
2016.07.01,5860 ,291518 
2016.07.04,5810 ,161762 
2016.07.05,5700 ,111341 
2016.07.06,5690 ,100666 
2016.07.07,5720 ,112139 
2016.07.08,5700 ,109831 
2016.07.11,5840 ,376281 
2016.07.12,5850 ,376464 
2016.07.13,5850 ,0 
2016.07.14,5850 ,0 
2016.07.15,5850 ,0 
2016.07.18,5850 ,0 
2016.07.19,5850 ,0 
2016.07.20,5850 ,0 
2016.07.21,5850 ,0 
2016.07.22,5850 ,0 
2016.07.25,5850 ,0 
2016.07.26,5850 ,0 
2016.07.27,5850 ,0 
2016.07.28,5850 ,0 
2016.07.29,2270 ,4721278 
2016.08.01,2125 ,836386 
2016.08.02,1985 ,725387 
2016.08.03,1980 ,317476 
2016.08.04,2020 ,156453 
2016.08.05,2055 ,274550 
2016.08.08,2125 ,244055 
2016.08.09,2130 ,134337 
2016.08.10,2110 ,179174 
2016.08.11,2025 ,156961 
2016.08.12,2065 ,160171 
2016.08.16,2025 ,124955 
2016.08.17,2090 ,128309 
2016.08.18,2035 ,105984 
2016.08.19,2020 ,104843 
2016.08.22,2010 ,133249 
2016.08.23,2050 ,153419 
2016.08.24,1990 ,196030 
2016.08.25,1955 ,156532 
2016.08.26,1955 ,62325 
2016.08.29,1940 ,132123 
2016.08.30,2010 ,117849 
2016.08.31,1945 ,72812 
2016.09.01,1965 ,68217 
2016.09.02,1940 ,59122 
2016.09.05,1990 ,141673 
2016.09.06,1965 ,80805 
2016.09.07,1945 ,93684 
2016.09.08,1910 ,186912 
2016.09.09,1865 ,117435 
2016.09.12,1780 ,177887 
2016.09.13,1855 ,78210 
2016.09.19,1955 ,188359 
2016.09.20,2270 ,5433888 
2016.09.21,2950 ,3405782 
2016.09.22,3700 ,21987479 
2016.09.23,3175 ,8253887 
2016.09.26,2790 ,7964487 
2016.09.27,2545 ,3431024 
2016.09.28,2555 ,2477906 
2016.09.29,2415 ,3011562 
2016.09.30,2435 ,1166775 
2016.10.04,2375 ,801956 
2016.10.05,2450 ,1273193 
2016.10.06,2415 ,813659 
2016.10.07,2310 ,665199 
2016.10.10,2425 ,3450159 
2016.10.11,2355 ,2166631 
2016.10.12,2330 ,438541 
2016.10.13,2350 ,428688 
2016.10.14,2480 ,454464 
2016.10.17,2360 ,487052 
2016.10.18,2365 ,281950 
2016.10.19,2310 ,217557 
2016.10.20,2255 ,354410 
2016.10.21,2285 ,381573 
2016.10.24,2300 ,785763 
2016.10.25,2180 ,369552 
2016.10.26,2095 ,431318 
2016.10.27,2150 ,196827 
2016.10.28,2095 ,173030 
2016.10.31,2055 ,149802 
2016.11.01,2135 ,162919 
2016.11.02,2010 ,159058 
2016.11.03,2010 ,208665 
2016.11.04,2020 ,119248 
2016.11.07,2035 ,112396 
2016.11.08,2045 ,112250 
2016.11.09,1895 ,398490 
2016.11.10,2015 ,125071 
2016.11.11,2070 ,107549 
2016.11.14,2100 ,179923 
2016.11.15,2060 ,79138 
2016.11.16,2100 ,75887 
2016.11.17,2160 ,139839 
2016.11.18,2110 ,161284 
2016.11.21,2050 ,99464 
2016.11.22,2105 ,2034548 
2016.11.23,2015 ,382840 
2016.11.24,1980 ,151169 
2016.11.25,2015 ,87230 
2016.11.28,1995 ,101700 
2016.11.29,1970 ,96523 
2016.11.30,1965 ,71650 
2016.12.01,1940 ,101028 
2016.12.02,1905 ,110520 
2016.12.05,1875 ,170597 
2016.12.06,1935 ,79234 
2016.12.07,1945 ,73287 
2016.12.08,1940 ,80552 
2016.12.09,2005 ,190169 
2016.12.12,2075 ,110937 
2016.12.13,2065 ,104430 
2016.12.14,2055 ,66598 
2016.12.15,2080 ,58014 
2016.12.16,2345 ,8494292 
2016.12.19,2255 ,1253755 
2016.12.20,2370 ,2741922 
2016.12.21,2300 ,3438681 
2016.12.22,2255 ,829475 
2016.12.23,2255 ,331235 
2016.12.26,2400 ,2050908 
2016.12.27,2355 ,709955 
2016.12.28,2380 ,353453 
2016.12.29,2255 ,633436 
2017.01.02,2325 ,204576 
2017.01.03,2385 ,450671 
2017.01.04,2370 ,323812 
2017.01.05,2385 ,321392 
2017.01.06,2290 ,459245 
2017.01.09,2310 ,175176 
2017.01.10,2260 ,325753 
2017.01.11,2270 ,123284 
2017.01.12,2195 ,408078 
2017.01.13,2215 ,145394 
2017.01.16,2135 ,219001 
2017.01.17,2200 ,170282 
2017.01.18,2200 ,153932 
2017.01.19,2160 ,146675 
2017.01.20,2115 ,168663 
2017.01.23,2015 ,191212 
2017.01.24,2040 ,93318 
2017.01.25,2010 ,112398 
2017.01.26,2085 ,50296 
2017.01.31,2090 ,100983 
2017.02.01,2165 ,102083 
2017.02.02,2100 ,253048 
2017.02.03,2100 ,118836 
2017.02.06,2170 ,63467 
2017.02.07,2110 ,186113 
2017.02.08,2110 ,72458 
2017.02.09,2100 ,77931 
2017.02.10,2050 ,94404 
2017.02.13,2095 ,102925 
2017.02.14,2095 ,68952 
2017.02.15,2060 ,102752 
2017.02.16,2065 ,72778 
2017.02.17,2065 ,43801 
2017.02.20,2080 ,56821 
2017.02.21,2080 ,35963 
2017.02.22,2200 ,1381650 
2017.02.23,2250 ,1030069 
2017.02.24,2175 ,502466 
2017.02.27,2190 ,629620 
2017.02.28,2360 ,4074470 
2017.03.02,2370 ,1679323 
2017.03.03,2240 ,629216 
2017.03.06,2240 ,390623 
2017.03.07,2280 ,478288 
2017.03.08,2250 ,316094 
2017.03.09,2240 ,213706 
2017.03.10,2240 ,327663 
2017.03.13,2760 ,13641895 
2017.03.14,2755 ,11734599 
2017.03.15,2570 ,2973052 
2017.03.16,2625 ,1839374 
2017.03.17,2530 ,880716 
2017.03.20,2630 ,980231 
2017.03.21,2655 ,4277894 
2017.03.22,2695 ,1452115 
2017.03.23,2870 ,9312694 
2017.03.24,3005 ,7283326 
2017.03.27,2930 ,1753435 
2017.03.28,2870 ,1116451 
2017.03.29,2770 ,1241485 
2017.03.30,2685 ,726732 
2017.03.31,2805 ,5787393 
2017.04.03,2855 ,981244 
2017.04.04,2540 ,3188787 
2017.04.05,2600 ,767171 
2017.04.06,2620 ,957220 
2017.04.07,2540 ,280492 
2017.04.10,2375 ,517336 
2017.04.11,2400 ,400381 
2017.04.12,2415 ,193195 
2017.04.13,2390 ,138603 
2017.04.14,2340 ,200039 
2017.04.17,2365 ,185030 
2017.04.18,2435 ,930393 
2017.04.19,2390 ,189251 
2017.04.20,2365 ,260638 
2017.04.21,2435 ,407298 
2017.04.24,2315 ,266690 
2017.04.25,2350 ,125766 
2017.04.26,2415 ,180311 
2017.04.27,2360 ,122224 
2017.04.28,2270 ,195217 
2017.05.02,2290 ,144944 
2017.05.04,2340 ,194533 
2017.05.08,2350 ,139774 
2017.05.10,2470 ,1026124 
2017.05.11,2490 ,571420 
2017.05.12,2490 ,190971 
2017.05.15,2415 ,164847 
2017.05.16,2530 ,1183279 
2017.05.17,2490 ,417503 
2017.05.18,2455 ,202506 
2017.05.19,2450 ,171231 
2017.05.22,2530 ,2291812 
2017.05.23,2440 ,618239 
2017.05.24,2305 ,556225 
2017.05.25,2330 ,160934 
2017.05.26,2335 ,179080 
2017.05.29,2315 ,122621 
2017.05.30,2315 ,173142 
2017.05.31,2285 ,161286 
2017.06.01,2285 ,80872 
2017.06.02,2280 ,123350 
2017.06.05,2270 ,185391 
2017.06.07,2215 ,188951 
2017.06.08,2280 ,118823 
2017.06.09,2310 ,127383 
2017.06.12,2270 ,136575 
2017.06.13,2245 ,129122 
2017.06.14,2335 ,2414451 
2017.06.15,2300 ,241540 
2017.06.16,2310 ,138602 
2017.06.19,2295 ,171035 
2017.06.20,2300 ,257560 
2017.06.21,2270 ,228037 
2017.06.22,2235 ,154645 
2017.06.23,2235 ,100222 
2017.06.26,2245 ,142469 
2017.06.27,2230 ,217034 
2017.06.28,2240 ,115099 
2017.06.29,2260 ,106012 
2017.06.30,2250 ,94625 
2017.07.03,2210 ,106540 
2017.07.04,2220 ,91936 
2017.07.05,2205 ,66814 
2017.07.06,2220 ,70293 
2017.07.07,2190 ,87593 
2017.07.10,2185 ,111282 
2017.07.11,2130 ,130791 
2017.07.12,2125 ,191275 
2017.07.13,2125 ,54164 
2017.07.14,2105 ,116145 
2017.07.17,2170 ,2720653 
2017.07.18,2125 ,280565 
2017.07.19,2085 ,134199 
2017.07.20,2060 ,217759 
2017.07.21,2080 ,142043 
2017.07.24,2070 ,54431 
2017.07.25,2075 ,89856 
2017.07.26,2040 ,94579 
2017.07.27,1990 ,122019 
2017.07.28,1975 ,79696 
2017.07.31,1910 ,155112 
2017.08.01,1955 ,112118 
2017.08.02,1990 ,101607 
2017.08.03,2005 ,66079 
2017.08.04,2000 ,54461 
2017.08.07,2030 ,677945 
2017.08.08,2025 ,109608 
2017.08.09,1965 ,175287 
2017.08.10,1955 ,84527 
2017.08.11,1905 ,196556 
2017.08.14,1880 ,85888 
2017.08.16,1905 ,36511 
2017.08.17,1905 ,53816 
2017.08.18,1905 ,39644 
2017.08.21,1900 ,62271 
2017.08.22,1900 ,58408 
2017.08.23,1875 ,56753 
2017.08.24,1915 ,25962 
2017.08.25,1935 ,1562497 
2017.08.28,1900 ,195804 
2017.08.29,1900 ,88239 
2017.08.30,1905 ,70177 
2017.08.31,1905 ,56020 
2017.09.01,1905 ,42281 
2017.09.04,1905 ,96367 
2017.09.05,1845 ,157371 
2017.09.06,1845 ,43767 
2017.09.07,1845 ,50975 
2017.09.08,1850 ,66862 
2017.09.11,1860 ,27001 
2017.09.12,1900 ,411728 
2017.09.13,1880 ,73977 
2017.09.14,1925 ,113522 
2017.09.15,1930 ,53188 
2017.09.18,1915 ,79851 
2017.09.19,1915 ,101335 
2017.09.20,1910 ,60183 
2017.09.21,1900 ,44971 
2017.09.22,1860 ,135389 
2017.09.25,1740 ,146734 
2017.09.26,1650 ,208518 
2017.09.27,1665 ,48519 
2017.09.28,1655 ,51559 
2017.09.29,1700 ,57346 
2017.10.10,1665 ,45199 
2017.10.11,1665 ,25385 
2017.10.12,1675 ,24425 
2017.10.13,1670 ,25911 
2017.10.16,1610 ,55410 
2017.10.17,1615 ,116196 
2017.10.18,1575 ,70817 
2017.10.19,1610 ,877842 
2017.10.20,1615 ,46504 
2017.10.23,1670 ,88420 
2017.10.24,1670 ,99172 
2017.10.25,1670 ,87307 
2017.10.26,1675 ,40424 
2017.10.27,1690 ,52454 
2017.10.30,1695 ,31689 
2017.10.31,1725 ,73423 
2017.11.01,1715 ,50653 
2017.11.02,1710 ,90704 
2017.11.03,1700 ,61363 
2017.11.06,1695 ,36666 
2017.11.07,1715 ,28226 
2017.11.08,1700 ,56027 
2017.11.09,1695 ,74128 
2017.11.10,1720 ,131431 
2017.11.13,1730 ,131753 
2017.11.14,1755 ,917429 
2017.11.15,2280 ,8666249 
2017.11.16,2075 ,13021073 
2017.11.17,1920 ,2329871 
2017.11.20,1905 ,2489174 
2017.11.21,1875 ,1170015 
2017.11.22,1820 ,597218 
2017.11.23,1820 ,602888 
2017.11.24,1830 ,1120665 
2017.11.27,1775 ,556197 
2017.11.28,1725 ,521312 
2017.11.29,1745 ,254061 
2017.11.30,1690 ,222738 
2017.12.01,1735 ,179329 
2017.12.04,1775 ,703541 
2017.12.05,1770 ,306854 
2017.12.06,1775 ,252235 
2017.12.07,1725 ,280389 
2017.12.08,1695 ,128170 
2017.12.11,1715 ,178076 
2017.12.12,1670 ,289309 
2017.12.13,1705 ,121788 
2017.12.14,1750 ,112038 
2017.12.15,1720 ,89049 
2017.12.18,1700 ,115895 
2017.12.19,1645 ,248034 
2017.12.20,1620 ,230906 
2017.12.21,1625 ,131400 
2017.12.22,1625 ,100965 
2017.12.26,1670 ,121709 
2017.12.27,1625 ,164933 
2017.12.28,1635 ,90855 
2018.01.02,1635 ,100184 
2018.01.03,1695 ,246409 
2018.01.04,1665 ,62305 
2018.01.05,1705 ,103417 
2018.01.08,1685 ,71511 
2018.01.09,1685 ,91583 
2018.01.10,1715 ,181010 
2018.01.11,1715 ,128743 
2018.01.12,1710 ,141137 
2018.01.15,1700 ,53225 
2018.01.16,1685 ,120887 
2018.01.17,1685 ,60469 
2018.01.18,1685 ,42062 
2018.01.19,1700 ,54733 
2018.01.22,1705 ,53704 
2018.01.23,1725 ,305519 
2018.01.24,1735 ,160095 
2018.01.25,1760 ,184583 
2018.01.26,1760 ,100361 
2018.01.29,1785 ,154190 
2018.01.30,1845 ,894554 
2018.01.31,1790 ,302964 
2018.02.01,1815 ,174568 
2018.02.02,1805 ,296505 
2018.02.05,1810 ,233282 
2018.02.06,1745 ,253057 
2018.02.07,1745 ,147210 
2018.02.08,1745 ,83251 
2018.02.09,1740 ,82993 
2018.02.12,1735 ,6116932 
2018.02.13,1670 ,739387 
2018.02.14,1665 ,411896 
2018.02.19,1665 ,231197 
2018.02.20,1680 ,142503 
2018.02.21,1725 ,197206 
2018.02.22,1745 ,239069 
2018.02.23,1745 ,126449 
2018.02.26,1740 ,123308 
2018.02.27,1740 ,64581 
2018.02.28,1740 ,75920 
2018.03.02,1740 ,73023 
2018.03.05,1730 ,138324 
2018.03.06,1730 ,70656 
2018.03.07,1725 ,50927 
2018.03.08,1725 ,109882 
2018.03.09,1765 ,181039 
2018.03.12,1830 ,642274 
2018.03.13,1800 ,2922735 
2018.03.14,1815 ,267248 
2018.03.15,1780 ,219003 
2018.03.16,1785 ,141172 
2018.03.19,1800 ,288722 
2018.03.20,2340 ,13219751 
2018.03.21,2305 ,14077578 
2018.03.22,2175 ,5388011 
2018.03.23,2005 ,2993600 
2018.03.26,2020 ,5210586 
2018.03.27,2135 ,6614910 
2018.03.28,2080 ,1539209 
2018.03.29,1975 ,1380784 
2018.03.30,2060 ,946304 
2018.04.02,2035 ,700767 
2018.04.03,2050 ,589955 
2018.04.04,2090 ,2468290 
2018.04.05,2110 ,656995 
2018.04.06,2015 ,571756 
2018.04.09,1940 ,773903 
2018.04.10,1900 ,515858 
2018.04.11,1940 ,264483 
2018.04.12,1915 ,441571 
2018.04.13,1950 ,249236 
2018.04.16,1995 ,253813 
2018.04.17,2055 ,1158623 
2018.04.18,2200 ,5944539 
2018.04.19,2240 ,2230065 
2018.04.20,2145 ,2268257 
2018.04.23,2270 ,4068716 
2018.04.24,2170 ,794145 
2018.04.25,2205 ,907401 
2018.04.26,2230 ,1196351 
2018.04.27,2220 ,1202395 
2018.04.30,2350 ,3753378 
2018.05.02,2450 ,1661526 
2018.05.03,2365 ,969059 
2018.05.04,2670 ,13420751 
2018.05.08,2510 ,1366685 
2018.05.09,2370 ,1499262 
2018.05.10,2630 ,4540719 
2018.05.11,2640 ,1834361 
2018.05.14,2660 ,799063 
2018.05.15,2655 ,1971418 
2018.05.16,2370 ,1299808 
2018.05.17,2400 ,1060219 
2018.05.18,2425 ,475021 
2018.05.21,2300 ,923715 
2018.05.23,2250 ,617054 
2018.05.24,2200 ,562056 
2018.05.25,2015 ,828977 
2018.05.28,2325 ,1357618 
2018.05.29,2230 ,712901 
2018.05.30,2230 ,407904 
2018.05.31,2280 ,850968 
2018.06.01,2280 ,383931 
2018.06.04,2270 ,391918 
2018.06.05,2260 ,359335 
2018.06.07,2245 ,273625 
2018.06.08,2170 ,282801 
2018.06.11,2210 ,343511 
2018.06.12,2130 ,375522 
2018.06.14,2010 ,364682 
2018.06.15,2080 ,227216 
2018.06.18,2110 ,135168 
2018.06.19,2105 ,221872 
2018.06.20,2160 ,94069 
2018.06.21,2115 ,108934 
2018.06.22,2070 ,166862 
2018.06.25,2070 ,76884 
2018.06.26,2075 ,142046 
2018.06.27,2030 ,151193 
2018.06.28,1910 ,169417 
2018.06.29,1880 ,332017 
2018.07.02,1755 ,268669 
2018.07.03,1770 ,128800 
2018.07.04,1800 ,67554 
2018.07.05,1800 ,90695 
2018.07.06,1805 ,75070 
2018.07.09,1715 ,147736 
2018.07.10,1750 ,62238 
2018.07.11,1795 ,57611 
2018.07.12,1810 ,38971 
2018.07.13,1850 ,50517 
2018.07.16,1840 ,33179 
2018.07.17,1805 ,67121 
2018.07.18,1780 ,70667 
2018.07.19,1750 ,93603 
2018.07.20,1760 ,36191 
2018.07.23,1675 ,108245 
2018.07.24,1720 ,85416 
2018.07.25,1730 ,68597 
2018.07.26,1770 ,121556 
2018.07.27,1800 ,84210 
2018.07.30,1800 ,80307 
2018.07.31,1795 ,63846 
2018.08.01,1785 ,39598 
2018.08.02,1790 ,77324 
2018.08.03,1785 ,63983 
2018.08.06,1775 ,55122 
2018.08.07,1775 ,105377 
2018.08.08,1775 ,23710 
2018.08.09,1775 ,34682 
2018.08.10,2305 ,4217958 
2018.08.13,2005 ,11633836 
2018.08.14,2120 ,6162507 
2018.08.16,2125 ,2470551 
2018.08.17,2120 ,1418675 
2018.08.20,2075 ,953813 
2018.08.21,2120 ,1167098 
2018.08.22,2180 ,6181668 
2018.08.23,2240 ,2508109 
2018.08.24,2180 ,2752940 
2018.08.27,2040 ,1107525 
2018.08.28,1920 ,817071 
2018.08.29,1965 ,671115 
2018.08.30,1975 ,528396 
2018.08.31,1985 ,320644 
2018.09.03,2025 ,397682 
2018.09.04,2115 ,1152558 
2018.09.05,2090 ,559974 
2018.09.06,1980 ,866184 
2018.09.07,2075 ,585215 
2018.09.10,2135 ,614215 
2018.09.11,2090 ,374078 
2018.09.12,2110 ,309019 
2018.09.13,2055 ,240075 
2018.09.14,2080 ,300396 
2018.09.17,2110 ,357407 
2018.09.18,2030 ,4396693 
2018.09.19,1955 ,785772 
2018.09.20,1945 ,362700 
2018.09.21,2055 ,484317 
2018.09.27,2060 ,258962 
2018.09.28,2075 ,190680 
2018.10.01,2045 ,186080 
2018.10.02,2000 ,151386 
2018.10.04,2015 ,377736 
2018.10.05,1990 ,132730 
2018.10.08,2000 ,83670 
2018.10.10,1745 ,594151 
2018.10.11,1620 ,403603 
2018.10.12,1630 ,250998 
2018.10.15,1625 ,135443 
2018.10.16,1655 ,198639 
2018.10.17,1680 ,206344 
2018.10.18,1695 ,294929 
2018.10.19,1690 ,112420 
2018.10.22,1670 ,121896 
2018.10.23,1590 ,226317 
2018.10.24,1520 ,197520 
2018.10.25,1470 ,159694 
2018.10.26,1435 ,146469 
2018.10.29,1250 ,265724 
2018.10.30,1325 ,327819 
2018.10.31,1360 ,91151 
2018.11.01,1405 ,91517 
2018.11.02,1455 ,102266 
2018.11.05,1485 ,116137 
2018.11.06,1460 ,103208 
2018.11.07,1390 ,174997 
2018.11.08,1460 ,61687 
2018.11.09,1445 ,23139 
2018.11.12,1430 ,23925 
2018.11.13,1385 ,90654 
2018.11.14,1385 ,48844 
2018.11.15,1395 ,70259 
2018.11.16,1395 ,68046 
2018.11.19,1420 ,60166 
2018.11.20,1390 ,63221 
2018.11.21,1380 ,137907 
2018.11.22,1790 ,4384556 
2018.11.23,1695 ,6611626 
2018.11.26,1720 ,2682253 
2018.11.27,1740 ,4123607 
2018.11.28,1785 ,1380529 
2018.11.29,1680 ,1020889 
2018.11.30,1655 ,408380 
2018.12.03,1690 ,1471705 
2018.12.04,1715 ,2489853 
2018.12.05,1680 ,553576 
2018.12.06,1610 ,497116 
2018.12.07,1680 ,1643421 
2018.12.10,1615 ,305550 
2018.12.11,1530 ,361350 
2018.12.12,1540 ,166396 
2018.12.13,1625 ,274654 
2018.12.14,1630 ,219456 
2018.12.17,1955 ,3777582 
2018.12.18,1815 ,1973600 
2018.12.19,1820 ,946322 
2018.12.20,1700 ,4586145 
2018.12.21,1785 ,1950443 
2018.12.24,1650 ,845499 
2018.12.26,1630 ,3006822 
2018.12.27,1735 ,741029 
2018.12.28,1715 ,495951 
2019.01.02,1705 ,753298 
2019.01.03,1760 ,545747 
2019.01.04,1755 ,367952 
2019.01.07,1805 ,1507045 
2019.01.08,1915 ,2740410 
2019.01.09,1870 ,756939 
2019.01.10,1825 ,498280 
2019.01.11,1910 ,615082 
2019.01.14,1895 ,637804 
2019.01.15,1895 ,407816 
2019.01.16,2020 ,2723426 
2019.01.17,1980 ,583193 
2019.01.18,1990 ,339981 
2019.01.21,1955 ,391555 
2019.01.22,1910 ,309081 
2019.01.23,1945 ,189300 
2019.01.24,1900 ,216463 
2019.01.25,1920 ,197979 
2019.01.28,1935 ,170298 
2019.01.29,1905 ,173091 
2019.01.30,1970 ,2220693 
2019.01.31,1910 ,535641 
2019.02.01,1940 ,541636 
2019.02.07,2065 ,1263251 
2019.02.08,2030 ,820002 
2019.02.11,2025 ,339741 
2019.02.12,2050 ,1881916 
2019.02.13,2085 ,823608 
2019.02.14,2050 ,309393 
2019.02.15,2060 ,1619871 
2019.02.18,2060 ,191033 
2019.02.19,2075 ,307881 
2019.02.20,1970 ,455416 
2019.02.21,1910 ,328265 
2019.02.22,1935 ,154889 
2019.02.25,1915 ,139606 
2019.02.26,1930 ,127863 
2019.02.27,1925 ,141542 
2019.02.28,1735 ,462874 
2019.03.04,1810 ,298751 
2019.03.05,1855 ,120912 
2019.03.06,1830 ,77563 
2019.03.07,1775 ,100769 
2019.03.08,1725 ,81461 
2019.03.11,1675 ,213371 
2019.03.12,1750 ,1861406 
2019.03.13,1730 ,153394 
2019.03.14,1755 ,110512 
2019.03.15,1675 ,256732 
2019.03.18,1705 ,88628 
2019.03.19,1740 ,44654 
2019.03.20,1695 ,48304 
2019.03.21,1680 ,81440 
2019.03.22,1650 ,77218 
2019.03.25,1615 ,67666 
2019.03.26,1620 ,74570 
2019.03.27,1605 ,71745 
2019.03.28,1515 ,113985 
2019.03.29,1600 ,75398 
2019.04.01,1660 ,117131 
2019.04.02,1650 ,51987 
2019.04.03,1695 ,1235469 
2019.04.04,1665 ,177504 
2019.04.05,1700 ,148822 
2019.04.08,1685 ,89724 
2019.04.09,1695 ,71159 
2019.04.10,1700 ,93458 
2019.04.11,1725 ,114803 
2019.04.12,1725 ,137404 
2019.04.15,1700 ,90582 
2019.04.16,1685 ,76855 
2019.04.17,1700 ,43375 
2019.04.18,1675 ,97429 
2019.04.19,1700 ,1740487 
2019.04.22,1720 ,201590 
2019.04.23,1725 ,193835 
2019.04.24,1715 ,137708 
2019.04.25,1705 ,71313 
2019.04.26,1725 ,87292 
2019.04.29,1675 ,110277 
2019.04.30,1680 ,38615 
2019.05.02,1700 ,40576 
2019.05.03,1720 ,35464 
2019.05.07,1695 ,56988 
2019.05.08,1690 ,47436 
2019.05.09,1625 ,159408 
2019.05.10,1600 ,161583 
2019.05.13,1580 ,58044 
2019.05.14,1565 ,93473 
2019.05.15,1610 ,109848 
2019.05.16,1630 ,92889 
2019.05.17,1625 ,45301 
2019.05.20,1620 ,342121 
2019.05.21,1605 ,90933 
2019.05.22,1580 ,129282 
2019.05.23,1640 ,907141 
2019.05.24,1600 ,166945 
2019.05.27,1585 ,90247 
2019.05.28,1620 ,97619 
2019.05.29,1610 ,81096 
2019.05.30,1620 ,211766 
2019.05.31,1645 ,46725 
2019.06.03,1625 ,69434 
2019.06.04,1630 ,59170 
2019.06.05,1645 ,30517 
2019.06.07,1650 ,48356 
2019.06.10,1675 ,82206 
2019.06.11,1700 ,139275 
2019.06.12,1690 ,119100 
2019.06.13,1715 ,111765 
2019.06.14,1735 ,241477 
2019.06.17,1730 ,138971 
2019.06.18,1700 ,115160 
2019.06.19,1725 ,120152 
2019.06.20,1730 ,204670 
2019.06.21,1710 ,133057 
2019.06.24,1730 ,290253 
2019.06.25,1750 ,1679939 
2019.06.26,1730 ,212339 
2019.06.27,1660 ,305692 
2019.06.28,1650 ,129183 
2019.07.01,1655 ,192795 
2019.07.02,1705 ,242059 
2019.07.03,1650 ,110053 
2019.07.04,1615 ,80387 
2019.07.05,1630 ,39754 
2019.07.08,1550 ,210401 
2019.07.09,1535 ,133983 
2019.07.10,1515 ,93314 
2019.07.11,1545 ,45677 
2019.07.12,1565 ,60099 
2019.07.15,1560 ,77192 
2019.07.16,1545 ,48566 
2019.07.17,1480 ,87117 
2019.07.18,1485 ,44585 
2019.07.19,1500 ,44268 
2019.07.22,1500 ,85929 
2019.07.23,1475 ,55441 
2019.07.24,1450 ,76073 
2019.07.25,1395 ,114358 
2019.07.26,1380 ,77463 
2019.07.29,1285 ,254184 
2019.07.30,1320 ,61967 
2019.07.31,1320 ,41891 
2019.08.01,1295 ,84245 
2019.08.02,1295 ,74667 
2019.08.05,1150 ,203870 
2019.08.06,1060 ,230695 
2019.08.07,1110 ,132761 
2019.08.08,1165 ,84646 
2019.08.09,1210 ,499081 
2019.08.12,1260 ,71624 
2019.08.13,1230 ,26760 
2019.08.14,1230 ,40180 
2019.08.16,1165 ,114725 
2019.08.19,1205 ,106370 
2019.08.20,1245 ,33269 
2019.08.21,1240 ,44520 
2019.08.22,1230 ,40637 
2019.08.23,1200 ,47559 
2019.08.26,1155 ,34241 
2019.08.27,1175 ,95716 
2019.08.28,1185 ,85892 
2019.08.29,1170 ,58324 
2019.08.30,1190 ,66456 
2019.09.02,1220 ,26985 
2019.09.03,1230 ,63006 
2019.09.04,1245 ,38631 
2019.09.05,1295 ,199722 
2019.09.06,1360 ,792358 
2019.09.09,1280 ,174172 
2019.09.10,1300 ,76376 
2019.09.11,1300 ,85469 
2019.09.16,1345 ,200300 
2019.09.17,1350 ,69755 
2019.09.18,1370 ,50763 
2019.09.19,1365 ,37804 
2019.09.20,1375 ,48831 
2019.09.23,1400 ,554961 
2019.09.24,1400 ,77837 
2019.09.25,1315 ,519086 
2019.09.26,1340 ,52528 
2019.09.27,1315 ,28502 
2019.09.30,1360 ,187554 
2019.10.01,1340 ,57778 
2019.10.02,1355 ,141399 
2019.10.04,1330 ,41585 
2019.10.07,1260 ,91890 
2019.10.08,1210 ,80561 
2019.10.10,1195 ,43445 
2019.10.11,1200 ,45185 
2019.10.14,1235 ,44162 
2019.10.15,1270 ,45412 
2019.10.16,1265 ,29363 
2019.10.17,1305 ,90975 
2019.10.18,1300 ,30391 
2019.10.21,1260 ,17925 
2019.10.22,1280 ,31804 
2019.10.23,1225 ,38439 
2019.10.24,1210 ,24280 
2019.10.25,1220 ,46658 
2019.10.28,1210 ,37316 
2019.10.29,1230 ,31592 
2019.10.30,1215 ,37143 
2019.10.31,1230 ,15764 
2019.11.01,1230 ,15437 
2019.11.04,1240 ,39274 
2019.11.05,1275 ,47781 
2019.11.06,1275 ,118950 
2019.11.07,1290 ,37046 
2019.11.08,1350 ,2768170 
2019.11.11,1355 ,289208 
2019.11.12,1320 ,144772 
2019.11.13,1315 ,135994 
2019.11.14,1325 ,193492 
2019.11.15,1340 ,626633 
2019.11.18,1375 ,259192 
2019.11.19,1390 ,263609 
2019.11.20,1310 ,475806 
2019.11.21,1360 ,74540 
2019.11.22,1340 ,71133 
2019.11.25,1310 ,67282 
2019.11.26,1320 ,23331 
2019.11.27,1430 ,1839054 
2019.11.28,1700 ,21212304 
2019.11.29,1655 ,1851174 
2019.12.02,1600 ,893840 
2019.12.03,1600 ,651239 
2019.12.04,1550 ,405551 
2019.12.05,1465 ,731097 
2019.12.06,1500 ,304202 
2019.12.09,1540 ,199193 
2019.12.10,1540 ,239189 
2019.12.11,1550 ,156752 
2019.12.12,1600 ,842916 
2019.12.13,1550 ,2671407 
2019.12.16,1535 ,212666 
2019.12.17,1590 ,421750 
2019.12.18,1585 ,635879 
2019.12.19,1625 ,208635 
2019.12.20,1630 ,158463 
2019.12.23,1570 ,101699 
2019.12.24,1550 ,1502257 
2019.12.26,1625 ,190764 
2019.12.27,1635 ,176139 
2019.12.30,1655 ,134130 
2020.01.02,1685 ,124708 
2020.01.03,1670 ,228275 
2020.01.06,1610 ,196820 
2020.01.07,1615 ,99767 
2020.01.08,1545 ,230631 
2020.01.09,1655 ,142673 
2020.01.10,1670 ,165416 
2020.01.13,1750 ,367313 
2020.01.14,1700 ,139499 
2020.01.15,1675 ,144624 
2020.01.16,1675 ,101745 
2020.01.17,1695 ,76873 
2020.01.20,1630 ,111514 
2020.01.21,1615 ,98325 
2020.01.22,1605 ,57312 
2020.01.23,1610 ,62564 
2020.01.28,1515 ,177421 
2020.01.29,1545 ,75786 
2020.01.30,1475 ,164227 
2020.01.31,1400 ,181302 
2020.02.03,1450 ,185437 
2020.02.04,1495 ,60197 
2020.02.05,1475 ,89598 
2020.02.06,1520 ,76145 
2020.02.07,1525 ,58354 
2020.02.10,1575 ,114526 
2020.02.11,1595 ,78780 
2020.02.12,1575 ,45311 
2020.02.13,1575 ,54371 
2020.02.14,1525 ,70970 
2020.02.17,1520 ,14561 
2020.02.18,1495 ,39401 
2020.02.19,1510 ,74327 
2020.02.20,1465 ,82297 
2020.02.21,1450 ,40756 
2020.02.24,1370 ,148858 
2020.02.25,1400 ,54670 
2020.02.26,1340 ,115741 
2020.02.27,1240 ,146328 
2020.02.28,1070 ,383075 
2020.03.02,1110 ,280310 
2020.03.03,1175 ,108145 
2020.03.04,1220 ,78425 
2020.03.05,1250 ,68144 
2020.03.06,1205 ,63792 
2020.03.09,1105 ,99729 
2020.03.10,1140 ,60591 
2020.03.11,1100 ,121564 
2020.03.12,1000 ,272970 
2020.03.13,868 ,291057 
2020.03.16,837 ,214265 
2020.03.17,805 ,170406 
2020.03.18,788 ,125644 
2020.03.19,676 ,212530 
2020.03.20,733 ,108021 
2020.03.23,680 ,73778 
2020.03.24,671 ,521934 
2020.03.25,683 ,437112 
2020.03.26,740 ,550618 
2020.03.27,748 ,388325 
2020.03.30,776 ,176560 
2020.03.31,817 ,214367 
2020.04.01,799 ,171589 
2020.04.02,799 ,144963 
2020.04.03,823 ,102859 
2020.04.06,878 ,118852 
2020.04.07,929 ,204981 
2020.04.08,959 ,122125 
2020.04.09,978 ,199061 
2020.04.10,969 ,117287 
2020.04.13,952 ,116282 
2020.04.14,975 ,70872 
2020.04.16,986 ,69317 
2020.04.17,1025 ,321039 
2020.04.20,1050 ,104432 
2020.04.21,1125 ,814983 
2020.04.22,1140 ,300778 
2020.04.23,1110 ,181353 
2020.04.24,1045 ,134881 
2020.04.27,1045 ,121841 
2020.04.28,1090 ,106385 
2020.04.29,1075 ,135788 
2020.05.04,1105 ,560616 
2020.05.06,1190 ,187454 
2020.05.07,1155 ,179941 
2020.05.08,1155 ,121297 
2020.05.11,1135 ,144841 
2020.05.12,1105 ,695362 
2020.05.13,1085 ,107508 
2020.05.14,1025 ,141354 
2020.05.15,1040 ,71653 
2020.05.18,1035 ,57874 
2020.05.19,1085 ,198898 
2020.05.20,1080 ,69435 
2020.05.21,1095 ,102639 
2020.05.22,1115 ,125094 
2020.05.25,1085 ,94076 
2020.05.26,1060 ,84884 
2020.05.27,1065 ,75670 
2020.05.28,1030 ,167614 
2020.05.29,1040 ,69069 
2020.06.01,1060 ,112441 
2020.06.02,1075 ,63710 
2020.06.03,1085 ,278950 
2020.06.04,1080 ,64076 
2020.06.05,1085 ,154364 
2020.06.08,1090 ,71219 
2020.06.09,1090 ,61954 
2020.06.10,1085 ,108459 
2020.06.11,1040 ,130709 
2020.06.12,999 ,138073 
2020.06.15,920 ,141243 
2020.06.16,958 ,135205 
2020.06.17,921 ,61348 
2020.06.18,934 ,57738 
2020.06.19,937 ,35750 
2020.06.22,967 ,49116 
2020.06.23,963 ,62462 
2020.06.24,1015 ,368381 
2020.06.25,983 ,99868 
2020.06.26,983 ,8275728 
2020.06.29,990 ,589480 
2020.06.30,1015 ,433422 
2020.07.01,999 ,332517 
2020.07.02,1000 ,172390 
2020.07.03,1040 ,246701 
2020.07.06,1060 ,1764795 
2020.07.07,1070 ,390687 
2020.07.08,1160 ,17368552 
2020.07.09,1190 ,2428812 
2020.07.10,1100 ,1022431 
2020.07.13,1170 ,609216 
2020.07.14,1135 ,382385 
2020.07.15,1120 ,465723 
2020.07.16,1120 ,199829 
2020.07.17,1185 ,843590 
2020.07.20,1200 ,1522354 
2020.07.21,1210 ,521239 
2020.07.22,1275 ,1186963 
2020.07.23,1285 ,1092976 
2020.07.24,1260 ,2142909 
2020.07.27,1255 ,855051 
2020.07.28,1210 ,430709 
2020.07.29,1245 ,427157 
2020.07.30,1245 ,627995 
2020.07.31,1220 ,211667 
2020.08.03,1275 ,692693 
2020.08.04,1265 ,404753 
2020.08.05,1250 ,363235 
2020.08.06,1275 ,2398496 
2020.08.07,1305 ,318558 
2020.08.10,1380 ,2148976 
2020.08.11,1375 ,1203739 
2020.08.12,1360 ,497458 
2020.08.13,1340 ,416449 
2020.08.14,1280 ,527492 
2020.08.18,1140 ,698687 
2020.08.19,1165 ,171795 
2020.08.20,1095 ,259857 
2020.08.21,1145 ,244054 
2020.08.24,1195 ,203610 
2020.08.25,1240 ,197005 
2020.08.26,1275 ,541641 
2020.08.27,1185 ,477562 
2020.08.28,1180 ,149499 
2020.08.31,1230 ,173089 
2020.09.01,1230 ,92684 
2020.09.02,1245 ,297558 
2020.09.03,1240 ,620627 
2020.09.04,1245 ,398682 
2020.09.07,1225 ,412188 
2020.09.08,1220 ,169381 
2020.09.09,1210 ,106244 
2020.09.10,1225 ,640951 
2020.09.11,1200 ,591621 
2020.09.14,1255 ,490319 
2020.09.15,1240 ,117087 
2020.09.16,1215 ,128285 
2020.09.17,1205 ,274661 
2020.09.18,1180 ,164258 
2020.09.21,1165 ,185845 
2020.09.22,1125 ,160497 
2020.09.23,1135 ,229015 
2020.09.24,1080 ,178183 
2020.09.25,1115 ,99834 
2020.09.28,1165 ,105310 
2020.09.29,1190 ,52059 
2020.10.05,1200 ,111884 
2020.10.06,1200 ,498078 
2020.10.07,1230 ,170428 
2020.10.08,1195 ,175112 
2020.10.12,1210 ,69346 
2020.10.13,1260 ,473985 
2020.10.14,1255 ,100134 
2020.10.15,1205 ,144818 
2020.10.16,1205 ,120623 
2020.10.19,1195 ,88563 
2020.10.20,1165 ,154653 
2020.10.21,1200 ,174585 
2020.10.22,1195 ,29855 
2020.10.23,1215 ,62534 
2020.10.26,1150 ,101691 
2020.10.27,1160 ,102310 
2020.10.28,1190 ,58934 
2020.10.29,1175 ,117654 
2020.10.30,1155 ,86057 
2020.11.02,1165 ,76400 
2020.11.03,1165 ,99029 
2020.11.04,1165 ,86270 
2020.11.05,1175 ,102711 
2020.11.06,1170 ,129229 
2020.11.09,1185 ,78146 
2020.11.10,1225 ,540689 
2020.11.11,1190 ,286758 
2020.11.12,1205 ,103611 
2020.11.13,1195 ,78570 
2020.11.16,1205 ,117755 
2020.11.17,1200 ,105385 
2020.11.18,1195 ,118863 
2020.11.19,1185 ,66194 
2020.11.20,1200 ,231447 
2020.11.23,1205 ,163147 
2020.11.24,1220 ,153013 
2020.11.25,1200 ,100946 
2020.11.26,1195 ,99244 
2020.11.27,1200 ,96539 
2020.11.30,1200 ,71394 
2020.12.01,1200 ,77274 
2020.12.02,1270 ,308002 
2020.12.03,1240 ,323568 
2020.12.04,1220 ,114779 
2020.12.07,1250 ,466200 
2020.12.08,1285 ,167914 
2020.12.09,1285 ,181686 
2020.12.10,1275 ,73112 
2020.12.11,1285 ,232688 
2020.12.14,1255 ,205695 
2020.12.15,1235 ,204723 
2020.12.16,1260 ,108696 
2020.12.17,1270 ,126325 
2020.12.18,1295 ,364967 
2020.12.21,1275 ,188962 
2020.12.22,1200 ,252450 
2020.12.23,1200 ,115586 
2020.12.24,1215 ,108412 
2020.12.28,1185 ,133009 
2020.12.29,1195 ,83755 
2020.12.30,1205 ,107791 
2021.01.04,1210 ,94994 
2021.01.05,1215 ,164043 
2021.01.06,1205 ,106991 
2021.01.07,1215 ,104039 
2021.01.08,1245 ,403063 
2021.01.11,1200 ,151328 
2021.01.12,1205 ,67074 
2021.01.13,1220 ,43377 
2021.01.14,1210 ,72667 
2021.01.15,1300 ,11509533 
2021.01.18,1285 ,1075819 
2021.01.19,1380 ,2265628 
2021.01.20,1380 ,814702 
2021.01.21,1370 ,486375 
2021.01.22,1375 ,307727 
2021.01.25,1385 ,269489 
2021.01.26,1345 ,377556 
2021.01.27,1320 ,199151 
2021.01.28,1340 ,193875 
2021.01.29,1385 ,404211 
2021.02.01,1390 ,412825 
2021.02.02,1375 ,275271 
2021.02.03,1350 ,188617 
2021.02.04,1335 ,161935 
2021.02.05,1350 ,77879 
2021.02.08,1320 ,208506 
2021.02.09,1310 ,121158 
2021.02.10,1325 ,113958 
2021.02.15,1365 ,583137 
2021.02.16,1380 ,489430 
2021.02.17,1280 ,1994939 
2021.02.18,1285 ,239711 
2021.02.19,1275 ,151614 
2021.02.22,1280 ,113321 
2021.02.23,1265 ,130274 
2021.02.24,1240 ,473300 
2021.02.25,1250 ,129741 
2021.02.26,1220 ,260599 
2021.03.02,1220 ,152955 
2021.03.03,1260 ,131935 
2021.03.04,1260 ,60905 
2021.03.05,1250 ,29028 
2021.03.08,1250 ,89566 
2021.03.09,1230 ,168964 
2021.03.10,1245 ,101627 
2021.03.11,1245 ,129248 
2021.03.12,1280 ,302458 
2021.03.15,1280 ,107333 
2021.03.16,1270 ,169124 
2021.03.17,1260 ,50600 
2021.03.18,1285 ,109484 
2021.03.19,1275 ,42839 
2021.03.22,1295 ,122731 
2021.03.23,1260 ,122686 
2021.03.24,1290 ,477207 
2021.03.25,1275 ,296153 
2021.03.26,1305 ,164590 
2021.03.29,1330 ,177373 
2021.03.30,1290 ,166263 
2021.03.31,1260 ,194520 
2021.04.01,1275 ,142608 
2021.04.02,1270 ,66071 
2021.04.05,1260 ,118817 
2021.04.06,1285 ,130881 
2021.04.07,1300 ,148383 
2021.04.08,1345 ,259741 
2021.04.09,1370 ,531312 
2021.04.12,1370 ,373128 
2021.04.13,1380 ,206244 
2021.04.14,1395 ,143007 
2021.04.15,1395 ,185666 
2021.04.16,1375 ,284669 
2021.04.19,1375 ,86207 
2021.04.20,1350 ,117935 
2021.04.21,1400 ,271245 
2021.04.22,1400 ,338783 
2021.04.23,1385 ,206413 
2021.04.26,1410 ,94186 
2021.04.27,1495 ,788860 
2021.04.28,1450 ,173549 
2021.04.29,1435 ,246351 
2021.04.30,1495 ,346941 
2021.05.03,1505 ,444828 
2021.05.04,1640 ,2187787 
2021.05.06,1625 ,452517 
2021.05.07,1560 ,4953961 
2021.05.10,1615 ,1339617 
2021.05.11,1615 ,342463 
2021.05.12,1590 ,429107 
2021.05.13,1570 ,205110 
2021.05.14,1555 ,247182 
2021.05.17,1600 ,431870 
2021.05.18,1660 ,581430 
2021.05.20,1670 ,480496 
2021.05.21,1715 ,1043707 
2021.05.24,1675 ,355697 
2021.05.25,1650 ,288949 
2021.05.26,1675 ,308103 
2021.05.27,1645 ,211406 
2021.05.28,1645 ,343852 
2021.05.31,1640 ,121286 
2021.06.01,1665 ,198605 
2021.06.02,1795 ,7207030 
2021.06.03,1785 ,1430122 
2021.06.04,1800 ,479224 
2021.06.07,1850 ,4425439 
2021.06.08,2245 ,14117827 
2021.06.09,2340 ,11254280 
2021.06.10,2080 ,2667407 
2021.06.11,2040 ,994886 
2021.06.14,2015 ,705774 
2021.06.15,2035 ,833022 
2021.06.16,2510 ,16962712 
2021.06.17,2520 ,3056469 
2021.06.18,2300 ,2372466 
2021.06.21,2220 ,1117058 
2021.06.22,2165 ,1121112 
2021.06.23,2150 ,1160746 
2021.06.24,2225 ,814922 
2021.06.25,2235 ,945534 
2021.06.28,2235 ,448178 
2021.06.29,2165 ,935197 
2021.06.30,2215 ,452352 
2021.07.01,2270 ,4619254 
2021.07.02,2285 ,1331714 
2021.07.05,2155 ,861897 
2021.07.06,2245 ,452939 
2021.07.07,2385 ,3380087 
2021.07.08,2205 ,992110 
2021.07.09,2095 ,918485 
2021.07.12,2090 ,416354 
2021.07.13,2095 ,339958 
2021.07.14,2000 ,392799 
2021.07.15,2065 ,288110 
2021.07.16,2045 ,257867 
2021.07.19,2065 ,138167 
2021.07.20,2110 ,401676 
2021.07.21,2060 ,330852 
2021.07.22,2070 ,256164 
2021.07.23,2195 ,1218110 
2021.07.26,2295 ,833847 
2021.07.27,2255 ,604855 
2021.07.28,2255 ,229836 
2021.07.29,2305 ,295717 
2021.07.30,2305 ,281545 
2021.08.02,2320 ,354711 
2021.08.03,2320 ,246814 
2021.08.04,2305 ,192096 
2021.08.05,2245 ,280950 
2021.08.06,2150 ,177054 
2021.08.09,2085 ,189635 
2021.08.10,2095 ,126983 
2021.08.11,2090 ,257190 
2021.08.12,2080 ,131997 
2021.08.13,1920 ,527355 
2021.08.17,1850 ,234463 
2021.08.18,1925 ,169829 
2021.08.19,1910 ,196718 
2021.08.20,1705 ,434454 
2021.08.23,1815 ,250632 
2021.08.24,1805 ,243629 
2021.08.25,1810 ,273051 
2021.08.26,1820 ,134678 
2021.08.27,1900 ,108786 
2021.08.30,1900 ,118621 
2021.08.31,1905 ,89820 
2021.09.01,1850 ,168655 
2021.09.02,1900 ,237563 
2021.09.03,1890 ,75193 
2021.09.06,1955 ,295102 
2021.09.07,2025 ,168507 
2021.09.08,1970 ,59661 
2021.09.09,2010 ,123231 
2021.09.10,2090 ,215250 
2021.09.13,2065 ,457019 
2021.09.14,2025 ,83086 
2021.09.15,1965 ,107168 
2021.09.16,1960 ,231202 
2021.09.17,1990 ,81316 
2021.09.23,1905 ,125981 
2021.09.24,1895 ,67313 
2021.09.27,1880 ,111215 
2021.09.28,1785 ,178770 
2021.09.29,1635 ,515584 
2021.09.30,1735 ,220317 
2021.10.01,1735 ,160095 
2021.10.05,1635 ,131891 
2021.10.06,1540 ,277121 
2021.10.07,1605 ,121955 
2021.10.08,1635 ,95616 
2021.10.12,1570 ,76896 
2021.10.13,1575 ,72765 
2021.10.14,1645 ,80757 
2021.10.15,1665 ,41836 
2021.10.18,1690 ,51508 
2021.10.19,1690 ,43250 
2021.10.20,1720 ,110110 
2021.10.21,1700 ,66037 
2021.10.22,1730 ,90337 
2021.10.25,1770 ,77059 
2021.10.26,1810 ,51111 
2021.10.27,1885 ,188103 
2021.10.28,1960 ,168305 
2021.10.29,2020 ,218678 
2021.11.01,2000 ,227147 
2021.11.02,1995 ,104348 
2021.11.03,1620 ,1037139 
2021.11.04,1550 ,430747 
2021.11.05,1555 ,151482 
2021.11.08,1665 ,638617 
2021.11.09,1605 ,190784 
2021.11.10,1555 ,231363 
2021.11.11,1530 ,188207 
2021.11.12,1575 ,72846 
2021.11.15,1600 ,59635 
2021.11.16,1565 ,31728 
2021.11.17,1575 ,79545 
2021.11.18,1565 ,100933 
2021.11.19,1550 ,92668 
2021.11.22,1495 ,192157 
2021.11.23,1525 ,58076 
2021.11.24,1540 ,47742 
2021.11.25,1465 ,97585 
2021.11.26,1470 ,84764 
2021.11.29,1420 ,198677 
